{
      "fit_time": [
            6.540581703186035,
            6.325745344161987,
            6.292788982391357,
            9.245106935501099,
            9.245439052581787,
            7.076629877090454,
            7.107165098190308,
            6.738255023956299,
            4.638247013092041,
            5.394132852554321,
            7.543687343597412,
            3.1707959175109863,
            6.6898512840271,
            4.750859022140503,
            6.14085578918457,
            7.137028932571411,
            4.407909870147705,
            4.5149219036102295,
            3.547316074371338,
            4.383505821228027,
            7.468693017959595,
            7.603928089141846,
            3.2288811206817627,
            3.9122931957244873,
            4.829183101654053,
            5.4256508350372314,
            5.891998052597046,
            5.937441825866699,
            5.328384160995483,
            4.319630861282349
      ],
      "score_time": [
            0.6881511211395264,
            0.6429948806762695,
            0.6805250644683838,
            1.3995299339294434,
            1.4606990814208984,
            0.7433621883392334,
            0.7262411117553711,
            0.7302899360656738,
            0.9017050266265869,
            0.7730321884155273,
            1.0851938724517822,
            0.5452642440795898,
            0.9903628826141357,
            0.721592903137207,
            0.9010779857635498,
            1.1534929275512695,
            0.6301770210266113,
            0.692817211151123,
            0.5292301177978516,
            0.761005163192749,
            1.247337818145752,
            1.1568968296051025,
            0.7286758422851562,
            0.6648561954498291,
            0.7050979137420654,
            0.7766332626342773,
            0.6625070571899414,
            0.6066009998321533,
            0.5970587730407715,
            0.4851949214935303
      ],
      "test_f1_score_macro": [
            0.7483718509557902,
            0.7597300337457819,
            0.7639257294429708,
            0.7250490202993412,
            0.7340674756260084,
            0.7250937920294471,
            0.7587301587301587,
            0.7293080054274085,
            0.7141402714932126,
            0.747945747945748,
            0.7217183098591549,
            0.7340227014437444,
            0.7548901913706659,
            0.7415585326506278,
            0.7565406466998668,
            0.7925734783286781,
            0.7592760180995476,
            0.7217887833559475,
            0.7518796992481204,
            0.7289402173913043,
            0.7040534283669833,
            0.7523887140287769,
            0.7337088595148127,
            0.7597300337457819,
            0.7289645838032935,
            0.7100304381680469,
            0.7480882581593566,
            0.7330789343509292,
            0.7927380395823593,
            0.7517533936651584
      ],
      "test_accuracy_score": [
            0.7490636704119851,
            0.7602996254681648,
            0.7640449438202247,
            0.7265917602996255,
            0.7340823970037453,
            0.7255639097744361,
            0.7593984962406015,
            0.7293233082706767,
            0.7142857142857143,
            0.7481203007518797,
            0.7228464419475655,
            0.7340823970037453,
            0.7565543071161048,
            0.7415730337078652,
            0.7565543071161048,
            0.793233082706767,
            0.7593984962406015,
            0.7218045112781954,
            0.7518796992481203,
            0.7293233082706767,
            0.704119850187266,
            0.7528089887640449,
            0.7340823970037453,
            0.7602996254681648,
            0.7303370786516854,
            0.7105263157894737,
            0.7481203007518797,
            0.7330827067669173,
            0.793233082706767,
            0.7518796992481203
      ],
      "test_recall_score_macro": [
            0.7503087112707678,
            0.7614784463403682,
            0.7647339470139201,
            0.7282498877413561,
            0.7340909090909091,
            0.7263500141362736,
            0.7603618886061634,
            0.729375176703421,
            0.7141080011309019,
            0.748685326547922,
            0.7242927705433319,
            0.7340592725639874,
            0.7583632689717108,
            0.7416928603502471,
            0.7565656565656566,
            0.794260672886627,
            0.7599095278484591,
            0.7220808594854397,
            0.7520497596833475,
            0.7300537178399773,
            0.7046475078581051,
            0.7538448585541087,
            0.7350415356982487,
            0.7614784463403682,
            0.7312289562289562,
            0.7113090189426068,
            0.7481198756007916,
            0.7331919705965508,
            0.794147582697201,
            0.7523890302516256
      ],
      "test_precision_score_macro": [
            0.754102564102564,
            0.7649584802639062,
            0.7657183098591549,
            0.7348406098406098,
            0.7340646392099652,
            0.7284817351598174,
            0.7641255090919521,
            0.7293233082706767,
            0.7142533808634641,
            0.7497728305315765,
            0.7291021671826625,
            0.734006734006734,
            0.7672744164440832,
            0.7416114914151049,
            0.7565368645494333,
            0.7990804597701149,
            0.7607943262411347,
            0.7222316528037118,
            0.7520497596833475,
            0.7318894271872328,
            0.7050618672665917,
            0.7563775510204082,
            0.7370372466885543,
            0.7649584802639062,
            0.7367831283760486,
            0.7132990867579909,
            0.7480777928539122,
            0.7331524197195839,
            0.7978699038021072,
            0.7532482269503546
      ],
      "test_auc_score": [
            0.7503087112707679,
            0.7614784463403682,
            0.7647339470139201,
            0.7282498877413561,
            0.7340909090909091,
            0.7263500141362736,
            0.7603618886061635,
            0.7293751767034209,
            0.7141080011309018,
            0.748685326547922,
            0.7242927705433317,
            0.7340592725639874,
            0.7583632689717108,
            0.7416928603502471,
            0.7565656565656566,
            0.794260672886627,
            0.7599095278484591,
            0.7220808594854397,
            0.7520497596833474,
            0.7300537178399773,
            0.704647507858105,
            0.7538448585541087,
            0.7350415356982488,
            0.7614784463403682,
            0.7312289562289562,
            0.7113090189426066,
            0.7481198756007917,
            0.7331919705965507,
            0.7941475826972011,
            0.7523890302516257
      ],
      "test_pr_auc_score": [
            0.8100074334562712,
            0.8177010088892547,
            0.81917080721456,
            0.7962894847383226,
            0.7976289677206295,
            0.7931393237878761,
            0.8178629305473324,
            0.7931039430637663,
            0.7810424561314524,
            0.8084374062777631,
            0.7925897522573658,
            0.7955916485378703,
            0.8174918201219391,
            0.8015151961267512,
            0.8146528220448978,
            0.8417989630564963,
            0.816492770825879,
            0.788153380609824,
            0.8103204363750768,
            0.7955483932257599,
            0.7748124277586496,
            0.8119408497595796,
            0.7983039539486027,
            0.8177010088892547,
            0.7995221071063767,
            0.782415819429364,
            0.8072879979268087,
            0.7960790805771407,
            0.8415735801231985,
            0.8110095768900895
      ],