{
      "fit_time": [
            2.7830121517181396,
            6.240630865097046,
            3.721479892730713,
            5.050767183303833,
            4.860260009765625,
            4.237080097198486,
            3.343397855758667,
            4.286978006362915,
            4.37583589553833,
            4.466524839401245,
            4.526705026626587,
            4.088680982589722,
            6.12702202796936,
            3.7727386951446533,
            3.7781782150268555,
            7.309164047241211,
            3.6759679317474365,
            4.725260019302368,
            3.611848831176758,
            6.223094940185547,
            2.9215080738067627,
            3.6950981616973877,
            4.561391830444336,
            5.984727621078491,
            3.826887845993042,
            4.065206050872803,
            3.5389719009399414,
            6.172631025314331,
            3.898836135864258,
            3.527045965194702
      ],
      "score_time": [
            0.4136011600494385,
            1.18263578414917,
            0.554340124130249,
            0.8225069046020508,
            0.8069958686828613,
            0.7154378890991211,
            0.48107099533081055,
            0.7474789619445801,
            0.6568598747253418,
            0.6840651035308838,
            0.7721080780029297,
            0.7133708000183105,
            0.9757637977600098,
            0.6287124156951904,
            0.5530529022216797,
            1.2246348857879639,
            0.513911247253418,
            0.8188631534576416,
            0.7215859889984131,
            1.0183091163635254,
            0.5677807331085205,
            0.673893928527832,
            0.6447041034698486,
            0.7042133808135986,
            0.5383079051971436,
            0.4792168140411377,
            0.4379761219024658,
            0.7815718650817871,
            0.463608980178833,
            0.4730870723724365
      ],
      "test_f1_score_macro": [
            0.7253434791798773,
            0.7073684802158273,
            0.7340227014437446,
            0.7448853417266188,
            0.7434326241134752,
            0.70509977827051,
            0.7422627529210601,
            0.7061689231292132,
            0.7401571458908474,
            0.739980449657869,
            0.710571142989878,
            0.7593239436619719,
            0.7476477309596692,
            0.7369976359338062,
            0.73534595485815,
            0.7346822456540325,
            0.724906852536586,
            0.7029697372326742,
            0.7267123287671232,
            0.75046904315197,
            0.7367605633802816,
            0.7075328614762386,
            0.7672384701912262,
            0.7629676601141409,
            0.7324436510972275,
            0.7028017028017027,
            0.7083457929286456,
            0.7132482269503546,
            0.735886524822695,
            0.690873015873016
      ],
      "test_accuracy_score": [
            0.7265917602996255,
            0.7078651685393258,
            0.7340823970037453,
            0.7453183520599251,
            0.7443609022556391,
            0.706766917293233,
            0.7443609022556391,
            0.706766917293233,
            0.7406015037593985,
            0.7406015037593985,
            0.7116104868913857,
            0.7602996254681648,
            0.7490636704119851,
            0.7378277153558053,
            0.7368421052631579,
            0.7368421052631579,
            0.7255639097744361,
            0.7030075187969925,
            0.7293233082706767,
            0.7518796992481203,
            0.7378277153558053,
            0.7078651685393258,
            0.7677902621722846,
            0.7640449438202247,
            0.7330827067669173,
            0.7030075187969925,
            0.7105263157894737,
            0.7142857142857143,
            0.7368421052631579,
            0.6917293233082706
      ],
      "test_recall_score_macro": [
            0.7285860539187805,
            0.7126891138664544,
            0.7423501308156069,
            0.7506540780343534,
            0.7479492915734527,
            0.7072835547411819,
            0.7436440677966102,
            0.7107191937700412,
            0.7454191479615209,
            0.744560238204306,
            0.7142816516892276,
            0.7631953133886931,
            0.7504834489819133,
            0.7412979183255602,
            0.7384844834509263,
            0.7360284012826386,
            0.7293289051763627,
            0.7133531836921667,
            0.7275538250114522,
            0.7529775538250114,
            0.7404163348879536,
            0.713570697304061,
            0.7725514730974861,
            0.7665510180866796,
            0.7378821774794929,
            0.7090586349060926,
            0.7098030233623454,
            0.7166170407695831,
            0.7394640403114979,
            0.6946289509848832
      ],
      "test_precision_score_macro": [
            0.7255837449483611,
            0.7100606673407482,
            0.7408705483323912,
            0.7475564543309741,
            0.7443609022556391,
            0.7049365942028986,
            0.7416515220354385,
            0.7081447963800905,
            0.7425168335879591,
            0.7415040995193667,
            0.7113960273818876,
            0.7596801346801347,
            0.7473879339400067,
            0.7380484794074739,
            0.7352458552594353,
            0.734098137210359,
            0.7264631043256997,
            0.7145695364238411,
            0.7262067395264116,
            0.7501132246376812,
            0.7372053872053872,
            0.7111923509561304,
            0.7689717108217333,
            0.7630500673551863,
            0.7345588235294118,
            0.7071489361702128,
            0.7078865248226951,
            0.7138738127544098,
            0.7364314789687924,
            0.6921641791044777
      ],
      "test_auc_score": [
            0.7285860539187805,
            0.7126891138664543,
            0.7423501308156069,
            0.7506540780343534,
            0.7479492915734526,
            0.7072835547411818,
            0.7436440677966102,
            0.7107191937700412,
            0.7454191479615209,
            0.7445602382043061,
            0.7142816516892276,
            0.7631953133886931,
            0.7504834489819133,
            0.7412979183255602,
            0.7384844834509264,
            0.7360284012826385,
            0.7293289051763627,
            0.7133531836921667,
            0.727553825011452,
            0.7529775538250114,
            0.7404163348879536,
            0.713570697304061,
            0.7725514730974861,
            0.7665510180866796,
            0.7378821774794929,
            0.7090586349060926,
            0.7098030233623454,
            0.7166170407695831,
            0.7394640403114979,
            0.6946289509848831
      ],
      "test_pr_auc_score": [
            0.7649389938085221,
            0.7538895282886076,
            0.779012645648229,
            0.7838286151154094,
            0.7798663324979114,
            0.7479669778259207,
            0.7777211961012427,
            0.7528017451405182,
            0.7804763362073376,
            0.7794434296664449,
            0.7537641714264713,
            0.7931570032836459,
            0.7826275984345543,
            0.7757072568977622,
            0.7716649255816942,
            0.7713313491492537,
            0.7673208444840914,
            0.7603449920119639,
            0.764104272907888,
            0.7855500111507582,
            0.7746994800413196,
            0.7552189605608002,
            0.8009193393601967,
            0.7958461080719873,
            0.7723198928694284,
            0.753136447320971,
            0.7494843889384479,
            0.7564601990337941,
            0.7748966020598491,
            0.7393637458178713
      ],