{
      "fit_time": [
            5.145478963851929,
            5.133657932281494,
            5.570997953414917,
            4.448370933532715,
            4.781793832778931,
            6.2154622077941895,
            6.467928886413574,
            5.848421096801758,
            2.8603901863098145,
            7.060541152954102,
            3.4227030277252197,
            3.7435319423675537,
            4.233873128890991,
            3.0550200939178467,
            4.66470193862915,
            3.5411319732666016,
            3.6339430809020996,
            3.2118980884552,
            3.2695679664611816,
            7.101256847381592,
            5.273961067199707,
            3.531992197036743,
            3.791398048400879,
            3.4150869846343994,
            4.0092291831970215,
            3.1339571475982666,
            3.9058399200439453,
            5.571941137313843,
            2.5707640647888184,
            2.1140432357788086
      ],
      "score_time": [
            0.7513229846954346,
            0.7201340198516846,
            0.7667200565338135,
            0.6562380790710449,
            0.6555330753326416,
            0.8643107414245605,
            0.8838801383972168,
            0.7452859878540039,
            0.4605529308319092,
            1.2504498958587646,
            0.5355112552642822,
            0.5645101070404053,
            0.6527297496795654,
            0.4653329849243164,
            0.7492680549621582,
            0.5592610836029053,
            0.6428778171539307,
            0.6455039978027344,
            0.6521711349487305,
            1.0515110492706299,
            0.8692600727081299,
            0.6584358215332031,
            0.6125130653381348,
            0.6135039329528809,
            0.5110759735107422,
            0.49259281158447266,
            0.5148930549621582,
            0.9262721538543701,
            0.3597230911254883,
            0.3071129322052002
      ],
      "test_f1_score_macro": [
            0.5541425818882466,
            0.5541425818882466,
            0.48653846153846153,
            0.5361267245784364,
            0.48648648648648646,
            0.5663257744182599,
            0.5598455598455598,
            0.6549935149156939,
            0.6133720930232558,
            0.554094132817537,
            0.5541425818882466,
            0.5598901098901099,
            0.48653846153846153,
            0.48653846153846153,
            0.5598455598455598,
            0.554094132817537,
            0.5663257744182599,
            0.5598455598455598,
            0.554094132817537,
            0.554094132817537,
            0.48653846153846153,
            0.6134169884169884,
            0.48554913294797686,
            0.5489864864864864,
            0.6226950354609929,
            0.5598455598455598,
            0.6657909765848087,
            0.48747591522157996,
            0.5598455598455598,
            0.48549323017408125
      ],
      "test_accuracy_score": [
            0.951310861423221,
            0.951310861423221,
            0.947565543071161,
            0.9363295880149812,
            0.9473684210526315,
            0.9586466165413534,
            0.9548872180451128,
            0.9548872180451128,
            0.9548872180451128,
            0.9511278195488722,
            0.951310861423221,
            0.9550561797752809,
            0.947565543071161,
            0.947565543071161,
            0.9548872180451128,
            0.9511278195488722,
            0.9586466165413534,
            0.9548872180451128,
            0.9511278195488722,
            0.9511278195488722,
            0.947565543071161,
            0.9550561797752809,
            0.9438202247191011,
            0.947565543071161,
            0.9586466165413534,
            0.9548872180451128,
            0.9586466165413534,
            0.9511278195488722,
            0.9548872180451128,
            0.943609022556391
      ],
      "test_recall_score_macro": [
            0.5364930345245306,
            0.5364930345245306,
            0.49803149606299213,
            0.5286190187764991,
            0.49606299212598426,
            0.5416666666666666,
            0.5396981627296588,
            0.6190944881889764,
            0.5749467923380966,
            0.5364852538765582,
            0.5364930345245306,
            0.5384615384615384,
            0.49803149606299213,
            0.49803149606299213,
            0.5396981627296588,
            0.5377296587926509,
            0.5416666666666666,
            0.5396981627296588,
            0.5364852538765582,
            0.5364852538765582,
            0.49803149606299213,
            0.574954572986069,
            0.49606299212598426,
            0.5345245305875227,
            0.5813648293963255,
            0.5396981627296588,
            0.6210629921259843,
            0.49803149606299213,
            0.5384615384615384,
            0.49604743083003955
      ],
      "test_precision_score_macro": [
            0.7273584905660377,
            0.7273584905660377,
            0.4755639097744361,
            0.5603448275862069,
            0.4772727272727273,
            0.9792452830188679,
            0.7291666666666667,
            0.7326923076923078,
            0.8124207858048162,
            0.7272727272727273,
            0.7273584905660377,
            0.9774436090225564,
            0.4755639097744361,
            0.4755639097744361,
            0.7291666666666667,
            0.6457541191381495,
            0.9792452830188679,
            0.7291666666666667,
            0.7272727272727273,
            0.7272727272727273,
            0.4755639097744361,
            0.8125,
            0.47547169811320755,
            0.6439393939393939,
            0.8143219264892269,
            0.7291666666666667,
            0.7827586206896552,
            0.47735849056603774,
            0.9773584905660377,
            0.4753787878787879
      ],
      "test_auc_score": [
            0.5364930345245306,
            0.5364930345245306,
            0.49803149606299213,
            0.5286190187764991,
            0.49606299212598426,
            0.5416666666666666,
            0.5396981627296588,
            0.6190944881889764,
            0.5749467923380966,
            0.5364852538765582,
            0.5364930345245306,
            0.5384615384615384,
            0.49803149606299213,
            0.49803149606299213,
            0.5396981627296588,
            0.5377296587926509,
            0.5416666666666666,
            0.5396981627296588,
            0.5364852538765582,
            0.5364852538765582,
            0.49803149606299213,
            0.574954572986069,
            0.49606299212598426,
            0.5345245305875227,
            0.5813648293963255,
            0.5396981627296588,
            0.6210629921259843,
            0.49803149606299213,
            0.5384615384615384,
            0.49604743083003955
      ],
      "test_pr_auc_score": [
            0.31093344857389804,
            0.31093344857389804,
            0.024344569288389514,
            0.14426678190723136,
            0.022556390977443608,
            0.5623433583959899,
            0.3123433583959899,
            0.3919172932330827,
            0.43093310198573354,
            0.3110179294389821,
            0.31093344857389804,
            0.5609334485738979,
            0.024344569288389514,
            0.024344569288389514,
            0.3123433583959899,
            0.2290100250626566,
            0.5623433583959899,
            0.3123433583959899,
            0.3110179294389821,
            0.3110179294389821,
            0.024344569288389514,
            0.4308556611927398,
            0.024344569288389514,
            0.22760011524056467,
            0.43546365914786966,
            0.3123433583959899,
            0.4419172932330827,
            0.022556390977443608,
            0.5610179294389821,
            0.02443609022556391
      ],