{
      "fit_time": [
            4.218580961227417,
            3.116456985473633,
            3.8432018756866455,
            3.461961030960083,
            4.740837097167969,
            3.1436798572540283,
            3.4393539428710938,
            4.972710132598877,
            7.48170804977417,
            2.738770008087158,
            3.4196131229400635,
            6.075648784637451,
            2.9091250896453857,
            2.690603733062744,
            2.7443602085113525,
            2.9942169189453125,
            2.8444650173187256,
            7.660417079925537,
            6.400782108306885,
            2.750291109085083,
            7.4772820472717285,
            3.082871913909912,
            2.697826862335205,
            3.9988820552825928,
            2.793083906173706,
            3.835340976715088,
            2.9695239067077637,
            2.645606756210327,
            5.699726104736328,
            2.833923816680908
      ],
      "score_time": [
            0.5116848945617676,
            0.387890100479126,
            0.5507779121398926,
            0.6254029273986816,
            0.5852510929107666,
            0.41449499130249023,
            0.596519947052002,
            0.6601357460021973,
            1.30958890914917,
            0.44849205017089844,
            0.585536003112793,
            1.1404922008514404,
            0.47925400733947754,
            0.4294312000274658,
            0.4593207836151123,
            0.5509800910949707,
            0.5059070587158203,
            1.0929820537567139,
            1.0330917835235596,
            0.45964479446411133,
            0.9802350997924805,
            0.46921801567077637,
            0.41191601753234863,
            0.5777919292449951,
            0.41266918182373047,
            0.5515608787536621,
            0.4470667839050293,
            0.39330410957336426,
            1.1221449375152588,
            0.4062378406524658
      ],
      "test_f1_score_macro": [
            0.6547413793103448,
            0.6761168682632654,
            0.633065933714724,
            0.6657393239671721,
            0.6253169311672457,
            0.6430790960451978,
            0.6531228551818806,
            0.6430790960451978,
            0.6627789046653144,
            0.6973304157549234,
            0.6421692379616644,
            0.6383004926108374,
            0.6705640423031727,
            0.6093844781445138,
            0.6166094715168153,
            0.6980502136752136,
            0.6466183574879227,
            0.7221476109469663,
            0.6253169311672457,
            0.5887445887445888,
            0.6318087795908985,
            0.6798157031052765,
            0.6542346542346542,
            0.6920991117344553,
            0.5816401861659445,
            0.6419695120042571,
            0.6121957403651116,
            0.6531228551818806,
            0.703896103896104,
            0.6944763495875536
      ],
      "test_accuracy_score": [
            0.8426966292134831,
            0.8689138576779026,
            0.8389513108614233,
            0.8314606741573034,
            0.8308270676691729,
            0.8571428571428571,
            0.8571428571428571,
            0.8571428571428571,
            0.849624060150376,
            0.8533834586466166,
            0.8389513108614233,
            0.8352059925093633,
            0.8426966292134831,
            0.846441947565543,
            0.8421052631578947,
            0.8721804511278195,
            0.8345864661654135,
            0.868421052631579,
            0.8308270676691729,
            0.8120300751879699,
            0.8202247191011236,
            0.8576779026217228,
            0.850187265917603,
            0.8614232209737828,
            0.8157894736842105,
            0.8383458646616542,
            0.8270676691729323,
            0.8571428571428571,
            0.8646616541353384,
            0.8759398496240601
      ],
      "test_recall_score_macro": [
            0.6449092162721214,
            0.6492185704435762,
            0.6207768329119743,
            0.671282463801425,
            0.6184940398914198,
            0.6224477752862032,
            0.6337778826861796,
            0.6224477752862032,
            0.6520712852590582,
            0.699575120972501,
            0.6317513215352792,
            0.6295679154217422,
            0.6668581935187313,
            0.5922201792691335,
            0.6023840434320784,
            0.6765018293402573,
            0.6433376608049097,
            0.7196388528266258,
            0.6184940398914198,
            0.5849167945237814,
            0.6318087795908987,
            0.6646173293495747,
            0.6383015398758906,
            0.6777752240864169,
            0.5757700932373422,
            0.6341909595184705,
            0.6049805263779063,
            0.6337778826861796,
            0.6947952319131359,
            0.667355128053818
      ],
      "test_precision_score_macro": [
            0.6676861702127659,
            0.7313791874554526,
            0.6522747029846422,
            0.6608568961795812,
            0.6340811965811965,
            0.6856324923957775,
            0.6881327800829875,
            0.6856324923957775,
            0.6768702814001373,
            0.6951754385964912,
            0.6567113176599234,
            0.6499335106382979,
            0.6746031746031746,
            0.65534262485482,
            0.6439834024896265,
            0.7317526731752673,
            0.6502164502164502,
            0.7247584541062801,
            0.6340811965811965,
            0.5935752373520614,
            0.6318087795908987,
            0.7014767932489452,
            0.6798416019127316,
            0.7114543466375068,
            0.5906779661016949,
            0.6518429487179487,
            0.6221002059025394,
            0.6881327800829875,
            0.7146573026401353,
            0.7441460055096418
      ],
      "test_auc_score": [
            0.6449092162721214,
            0.6492185704435762,
            0.6207768329119743,
            0.671282463801425,
            0.6184940398914198,
            0.6224477752862033,
            0.6337778826861796,
            0.6224477752862033,
            0.6520712852590582,
            0.6995751209725009,
            0.6317513215352792,
            0.6295679154217422,
            0.6668581935187313,
            0.5922201792691336,
            0.6023840434320783,
            0.6765018293402574,
            0.6433376608049098,
            0.7196388528266258,
            0.6184940398914198,
            0.5849167945237813,
            0.6318087795908987,
            0.6646173293495748,
            0.6383015398758906,
            0.6777752240864169,
            0.5757700932373422,
            0.6341909595184705,
            0.6049805263779063,
            0.6337778826861796,
            0.6947952319131359,
            0.667355128053818
      ],
      "test_pr_auc_score": [
            0.44790434654050854,
            0.5004778066318704,
            0.4134804271430222,
            0.47032712639367663,
            0.39665464336516965,
            0.4366512638823852,
            0.4491546433651697,
            0.4366512638823852,
            0.45822872350885935,
            0.5157996342206868,
            0.42754653033453516,
            0.42099411097969647,
            0.47394703988435505,
            0.3870138830221621,
            0.38588701483438326,
            0.5218338639391271,
            0.43242227189595617,
            0.5544802321118111,
            0.39665464336516965,
            0.3374021663495348,
            0.41336487285629797,
            0.49043958210132066,
            0.4500119681225536,
            0.5097893337911651,
            0.3242532005689901,
            0.42391345763056293,
            0.37494018393848616,
            0.4491546433651697,
            0.5248994722678934,
            0.5240889385626228
      ],