{
      "fit_time": [
            6.217612981796265,
            5.659496068954468,
            6.537954092025757,
            6.6806559562683105,
            4.32243800163269,
            4.323852062225342,
            4.348721981048584,
            4.659176349639893,
            2.9976871013641357,
            4.1272807121276855,
            4.379651069641113,
            5.157192945480347,
            3.5516111850738525,
            4.40189790725708,
            7.283076047897339,
            5.7391321659088135,
            2.9671969413757324,
            5.671391010284424,
            7.55275821685791,
            5.153677225112915,
            3.1590309143066406,
            3.2510228157043457,
            5.350877046585083,
            4.543103933334351,
            5.244616985321045,
            5.047094106674194,
            4.764859199523926,
            4.674721002578735,
            4.711636781692505,
            4.9460930824279785
      ],
      "score_time": [
            1.084549903869629,
            0.8142940998077393,
            1.022585153579712,
            1.009688138961792,
            0.6203880310058594,
            0.6080141067504883,
            0.585273027420044,
            0.7015628814697266,
            0.441591739654541,
            0.5735480785369873,
            0.6377851963043213,
            0.9567592144012451,
            0.6288778781890869,
            0.7143402099609375,
            1.2559151649475098,
            1.179257869720459,
            0.5029778480529785,
            0.9326777458190918,
            1.2754390239715576,
            0.7752618789672852,
            0.5223772525787354,
            0.535477876663208,
            0.8124258518218994,
            0.5952329635620117,
            0.7447540760040283,
            0.7099058628082275,
            0.6192247867584229,
            0.591921329498291,
            0.4877512454986572,
            1.0712919235229492
      ],
      "test_f1_score_macro": [
            0.7356743535988819,
            0.7105084353721829,
            0.7550739594083247,
            0.7259479854856663,
            0.7227351241884568,
            0.7427918424753868,
            0.7349028670470139,
            0.7255306603773586,
            0.7201493075071699,
            0.6977272727272728,
            0.7209127714390873,
            0.7667714884696017,
            0.7286900476135176,
            0.7378724878724878,
            0.7431507342874026,
            0.7041669675742039,
            0.7027587908340226,
            0.7333726415094339,
            0.7089026915113872,
            0.7390350877192983,
            0.7227414330218069,
            0.7097195042400521,
            0.7418551505918201,
            0.7391703725304366,
            0.7427918424753868,
            0.6760512930725697,
            0.7241286017044686,
            0.7255306603773586,
            0.75081787654748,
            0.6384406269882585
      ],
      "test_accuracy_score": [
            0.7453183520599251,
            0.7191011235955056,
            0.7602996254681648,
            0.7340823970037453,
            0.7368421052631579,
            0.7518796992481203,
            0.7406015037593985,
            0.7368421052631579,
            0.7255639097744361,
            0.706766917293233,
            0.7340823970037453,
            0.7752808988764045,
            0.7378277153558053,
            0.7453183520599251,
            0.7481203007518797,
            0.7105263157894737,
            0.7105263157894737,
            0.7443609022556391,
            0.7218045112781954,
            0.7443609022556391,
            0.7340823970037453,
            0.7191011235955056,
            0.7528089887640449,
            0.7490636704119851,
            0.7518796992481203,
            0.6804511278195489,
            0.7406015037593985,
            0.7368421052631579,
            0.7556390977443609,
            0.6466165413533834
      ],
      "test_recall_score_macro": [
            0.7392048135913167,
            0.7159922133081642,
            0.7653964134025484,
            0.7317425672487022,
            0.7219848053181386,
            0.7463793922127255,
            0.7440052231718899,
            0.7271486229819564,
            0.7299382716049383,
            0.7024572649572649,
            0.7213013213780085,
            0.7707055214723926,
            0.7330698442661633,
            0.7444254365266636,
            0.7536206077872745,
            0.712428774928775,
            0.708986229819563,
            0.7350427350427351,
            0.709639126305793,
            0.7488129154795822,
            0.7247817366682398,
            0.7142520056630486,
            0.7435995752713545,
            0.7422722982538934,
            0.7463793922127255,
            0.6877374169040835,
            0.7216286799620133,
            0.7271486229819564,
            0.7615147198480532,
            0.6444681861348528
      ],
      "test_precision_score_macro": [
            0.7335829493087558,
            0.7086324786324787,
            0.7537220843672456,
            0.7238461538461538,
            0.7235772357723578,
            0.7406655844155844,
            0.7337256239695265,
            0.7242733239568683,
            0.7198014184397163,
            0.6960344827586207,
            0.7205467372134039,
            0.7643433179723502,
            0.7265221878224974,
            0.7356671595950404,
            0.7424397163120567,
            0.7034794473818864,
            0.701280512204882,
            0.7320675105485233,
            0.7082547169811321,
            0.7380736029077692,
            0.72125769364766,
            0.7077803203661328,
            0.7404786862334032,
            0.7371794871794872,
            0.7406655844155844,
            0.6788521345773254,
            0.7277801500640517,
            0.7242733239568683,
            0.749985815602837,
            0.6385473588342441
      ],
      "test_auc_score": [
            0.7392048135913167,
            0.7159922133081642,
            0.7653964134025483,
            0.7317425672487022,
            0.7219848053181386,
            0.7463793922127255,
            0.7440052231718898,
            0.7271486229819563,
            0.7299382716049383,
            0.7024572649572649,
            0.7213013213780084,
            0.7707055214723926,
            0.7330698442661633,
            0.7444254365266636,
            0.7536206077872744,
            0.7124287749287749,
            0.7089862298195633,
            0.735042735042735,
            0.709639126305793,
            0.7488129154795822,
            0.7247817366682398,
            0.7142520056630486,
            0.7435995752713545,
            0.7422722982538934,
            0.7463793922127255,
            0.6877374169040836,
            0.7216286799620134,
            0.7271486229819563,
            0.7615147198480531,
            0.6444681861348528
      ],
      "test_pr_auc_score": [
            0.7423061489072724,
            0.7209797848842792,
            0.766074432393751,
            0.7353968596946125,
            0.727925583188741,
            0.7499096298438404,
            0.7479383848928136,
            0.7320799327378275,
            0.7358721804511278,
            0.7094107117927444,
            0.7258452689632464,
            0.7719034242910647,
            0.7365104095589016,
            0.7470252918857947,
            0.7566561596298439,
            0.7199662500528996,
            0.7159549042288981,
            0.7396375554270291,
            0.7153469668365398,
            0.7523088117315622,
            0.728831980049638,
            0.7191224180476745,
            0.7469769358814303,
            0.7452823393834629,
            0.7499096298438404,
            0.7013477432571446,
            0.7289424493032741,
            0.7320799327378275,
            0.7635841526894158,
            0.6592280670149522
      ],