{
      "fit_time": [
            3.391347885131836,
            3.340193033218384,
            3.2783868312835693,
            3.2759060859680176,
            3.6083061695098877,
            6.759824991226196,
            2.378401041030884,
            3.8569347858428955,
            3.5868918895721436,
            3.390015125274658,
            3.676179885864258,
            3.854475975036621,
            3.878213882446289,
            3.3611369132995605,
            3.117117166519165,
            3.390979051589966,
            3.796321153640747,
            3.66585111618042,
            3.6493260860443115,
            4.694438934326172,
            3.0019848346710205,
            3.7221739292144775,
            3.2204012870788574,
            2.9985721111297607,
            2.9735968112945557,
            3.512376070022583,
            2.9429898262023926,
            3.5867512226104736,
            5.2102038860321045,
            2.9296629428863525
      ],
      "score_time": [
            0.5116291046142578,
            0.5364320278167725,
            0.497650146484375,
            0.582115888595581,
            0.5961508750915527,
            1.0759987831115723,
            0.3616788387298584,
            0.6492362022399902,
            0.5281469821929932,
            0.5600550174713135,
            0.6613938808441162,
            0.7717380523681641,
            0.7370190620422363,
            0.6029372215270996,
            0.6144828796386719,
            0.5360987186431885,
            0.5260269641876221,
            0.5944499969482422,
            0.5212318897247314,
            0.7683329582214355,
            0.4219679832458496,
            0.6487360000610352,
            0.4779958724975586,
            0.4483819007873535,
            0.3918290138244629,
            0.4075498580932617,
            0.3993649482727051,
            0.43320298194885254,
            0.7022778987884521,
            0.36992931365966797
      ],
      "test_f1_score_macro": [
            0.7140452876376989,
            0.7332667332667333,
            0.7133484432780628,
            0.726939691358967,
            0.7306569777830723,
            0.7001397844613789,
            0.6990157327753236,
            0.7155080213903744,
            0.7181987072208319,
            0.6821691176470589,
            0.7303370786516854,
            0.7374631268436578,
            0.6913960763765814,
            0.6974233567935106,
            0.7756746626686657,
            0.7079178537511872,
            0.7638133811044474,
            0.6573982877490718,
            0.7285378525482434,
            0.698468137254902,
            0.6749372004499993,
            0.7367317233499757,
            0.7420289855072464,
            0.7144557080239197,
            0.7672076277041655,
            0.7168772270813086,
            0.7032112124963701,
            0.6754712377234185,
            0.7799632352941176,
            0.7126912691269127
      ],
      "test_accuracy_score": [
            0.7378277153558053,
            0.7602996254681648,
            0.7303370786516854,
            0.7490636704119851,
            0.7443609022556391,
            0.7180451127819549,
            0.7255639097744361,
            0.7406015037593985,
            0.7406015037593985,
            0.706766917293233,
            0.7602996254681648,
            0.7565543071161048,
            0.7191011235955056,
            0.7153558052434457,
            0.7969924812030075,
            0.7218045112781954,
            0.7857142857142857,
            0.6804511278195489,
            0.7518796992481203,
            0.7218045112781954,
            0.704119850187266,
            0.7640449438202247,
            0.7640449438202247,
            0.7340823970037453,
            0.7857142857142857,
            0.7406015037593985,
            0.7255639097744361,
            0.6992481203007519,
            0.7969924812030075,
            0.7293233082706767
      ],
      "test_recall_score_macro": [
            0.7175155279503105,
            0.7320807453416149,
            0.7246894409937888,
            0.7312422360248447,
            0.7476923076923077,
            0.7118681318681319,
            0.7017582417582418,
            0.7184615384615385,
            0.7237362637362637,
            0.6862193903048476,
            0.7269254658385094,
            0.7446894409937888,
            0.6929192546583851,
            0.7081055900621118,
            0.7771428571428571,
            0.7252747252747254,
            0.765934065934066,
            0.6648351648351649,
            0.7323076923076923,
            0.7028360819590205,
            0.6763354037267081,
            0.7349378881987578,
            0.745248447204969,
            0.7223913043478261,
            0.7738461538461539,
            0.7210989010989011,
            0.7096703296703297,
            0.6817582417582417,
            0.7876923076923077,
            0.7239505247376312
      ],
      "test_precision_score_macro": [
            0.7114478927665742,
            0.7345574387947269,
            0.7094672843080487,
            0.7238455988455988,
            0.7271523178807947,
            0.6966200466200466,
            0.696875,
            0.7131740196078431,
            0.7146385542168674,
            0.679578313253012,
            0.7347102659642811,
            0.7332169074117926,
            0.6900856793145654,
            0.6940069484655472,
            0.7743178569208776,
            0.7057878735731085,
            0.7619371598218704,
            0.6547759433962264,
            0.7256755932410175,
            0.6956024096385542,
            0.6737454100367197,
            0.7387640449438202,
            0.7394481503941783,
            0.7104938271604938,
            0.7627108433734939,
            0.7138605442176871,
            0.6996054519368724,
            0.6724045505986063,
            0.774917491749175,
            0.708916083916084
      ],
      "test_auc_score": [
            0.7175155279503106,
            0.7320807453416149,
            0.7246894409937888,
            0.7312422360248446,
            0.7476923076923077,
            0.7118681318681319,
            0.7017582417582418,
            0.7184615384615384,
            0.7237362637362637,
            0.6862193903048476,
            0.7269254658385093,
            0.7446894409937889,
            0.6929192546583851,
            0.7081055900621118,
            0.7771428571428571,
            0.7252747252747254,
            0.765934065934066,
            0.6648351648351649,
            0.7323076923076922,
            0.7028360819590205,
            0.6763354037267081,
            0.7349378881987577,
            0.7452484472049691,
            0.7223913043478261,
            0.7738461538461539,
            0.7210989010989011,
            0.7096703296703297,
            0.6817582417582417,
            0.7876923076923078,
            0.7239505247376312
      ],
      "test_pr_auc_score": [
            0.6921344991342897,
            0.71022770449981,
            0.6992772127725718,
            0.7062676101513425,
            0.7204742625795258,
            0.685149061464851,
            0.6739715876229034,
            0.6916178667823405,
            0.6965558126084441,
            0.6605720823798626,
            0.7067210286939101,
            0.7193566479005508,
            0.6665003985292983,
            0.6830620568163315,
            0.7554774031853828,
            0.6995694364115417,
            0.7428257632624934,
            0.6376327247727446,
            0.7059888022991658,
            0.6776822491010134,
            0.6488498358744933,
            0.7139106008793357,
            0.7214406884939321,
            0.696698420452695,
            0.7482446500867553,
            0.6940634553416508,
            0.6820586534208826,
            0.653795616749117,
            0.7620584209953674,
            0.6994672947190109
      ],