{
      "fit_time": [
            3.145343065261841,
            2.8822569847106934,
            3.1164140701293945,
            3.7626760005950928,
            2.8340342044830322,
            2.8124570846557617,
            3.198806047439575,
            2.8375308513641357,
            3.593285083770752,
            3.712617874145508,
            3.682065010070801,
            4.406095027923584,
            3.9159529209136963,
            2.745781898498535,
            3.7447478771209717,
            4.1619110107421875,
            3.238619804382324,
            3.3490333557128906,
            4.744341850280762,
            3.395130157470703,
            3.909979820251465,
            4.2867512702941895,
            7.526531219482422,
            4.490033864974976,
            4.091952800750732,
            3.7955071926116943,
            6.263490915298462,
            3.8219399452209473,
            2.7305431365966797,
            3.251857042312622
      ],
      "score_time": [
            0.545464038848877,
            0.43786120414733887,
            0.5324552059173584,
            0.6581177711486816,
            0.46938371658325195,
            0.4382350444793701,
            0.552452802658081,
            0.45681095123291016,
            0.5354440212249756,
            0.592628002166748,
            0.5512020587921143,
            0.6655588150024414,
            0.6137232780456543,
            0.3965609073638916,
            0.5905961990356445,
            0.7454471588134766,
            0.5878221988677979,
            0.5475547313690186,
            0.8051409721374512,
            0.5645787715911865,
            0.7760822772979736,
            0.6597409248352051,
            0.9545478820800781,
            0.7196269035339355,
            0.5447132587432861,
            0.449552059173584,
            0.6380500793457031,
            0.4743959903717041,
            0.3506770133972168,
            0.43207693099975586
      ],
      "test_f1_score_macro": [
            0.6895348837209303,
            0.7025413574926955,
            0.6750130412102243,
            0.600074892342258,
            0.7210845049324859,
            0.705952380952381,
            0.697423887587822,
            0.6714426877470356,
            0.6372613561553653,
            0.7128023707243114,
            0.7333877995642701,
            0.6939693175806736,
            0.7175101393052372,
            0.6970315904139432,
            0.6112144565506245,
            0.71706610541562,
            0.6784927124066833,
            0.6533968368080517,
            0.7076643730886849,
            0.6773005032350826,
            0.6384282384282384,
            0.6923963133640554,
            0.7014758497316638,
            0.6991008272389402,
            0.6711562235669204,
            0.7020249892287806,
            0.6431885651456845,
            0.638095238095238,
            0.7290282575958897,
            0.6872942725477287
      ],
      "test_accuracy_score": [
            0.8052434456928839,
            0.8014981273408239,
            0.7902621722846442,
            0.7602996254681648,
            0.8157894736842105,
            0.8045112781954887,
            0.8082706766917294,
            0.8120300751879699,
            0.7819548872180451,
            0.8233082706766918,
            0.8352059925093633,
            0.8052434456928839,
            0.8202247191011236,
            0.8127340823970037,
            0.7518796992481203,
            0.8233082706766918,
            0.8082706766917294,
            0.7819548872180451,
            0.8270676691729323,
            0.7969924812030075,
            0.7715355805243446,
            0.8127340823970037,
            0.8127340823970037,
            0.8239700374531835,
            0.7857142857142857,
            0.8045112781954887,
            0.7706766917293233,
            0.7706766917293233,
            0.8270676691729323,
            0.8120300751879699
      ],
      "test_recall_score_macro": [
            0.6924019607843137,
            0.7200435729847494,
            0.6802325581395349,
            0.5960196779964222,
            0.7364797081623347,
            0.7220246238030096,
            0.7019151846785225,
            0.6593707250341997,
            0.6332877336981304,
            0.7112175102599179,
            0.7333877995642701,
            0.6998910675381264,
            0.7207066189624329,
            0.6941860465116279,
            0.6146830825353398,
            0.7186958504331966,
            0.6720018239854081,
            0.6557227542179662,
            0.6985864113087095,
            0.6799817601459188,
            0.6416122004357299,
            0.6895424836601307,
            0.7014758497316638,
            0.6865831842576029,
            0.6804833561331509,
            0.7145462836297309,
            0.6487460100319198,
            0.6412676698586411,
            0.7359781121751026,
            0.6818057455540356
      ],
      "test_precision_score_macro": [
            0.6868718039146535,
            0.6907159716758458,
            0.6705314827352742,
            0.6055970883336612,
            0.709789644012945,
            0.6946821271491403,
            0.6933962264150944,
            0.6894308943089431,
            0.6419897017390459,
            0.7144444444444444,
            0.7333877995642701,
            0.6888507718696398,
            0.7145279081898801,
            0.7000921658986174,
            0.6083584661783714,
            0.71549245147376,
            0.6863636363636363,
            0.6512534325449553,
            0.7189542483660131,
            0.6748161927540084,
            0.6356285863328117,
            0.6954690132933907,
            0.7014758497316638,
            0.7165697674418605,
            0.6640417771883289,
            0.6926226152460493,
            0.6386904761904761,
            0.6353074772886094,
            0.7229642395519172,
            0.6936753133197318
      ],
      "test_auc_score": [
            0.6924019607843137,
            0.7200435729847495,
            0.6802325581395349,
            0.5960196779964221,
            0.7364797081623348,
            0.7220246238030096,
            0.7019151846785225,
            0.6593707250341997,
            0.6332877336981304,
            0.7112175102599179,
            0.7333877995642701,
            0.6998910675381262,
            0.7207066189624329,
            0.694186046511628,
            0.6146830825353397,
            0.7186958504331965,
            0.6720018239854081,
            0.6557227542179662,
            0.6985864113087096,
            0.6799817601459188,
            0.6416122004357299,
            0.6895424836601307,
            0.7014758497316637,
            0.6865831842576029,
            0.6804833561331509,
            0.7145462836297309,
            0.6487460100319197,
            0.6412676698586411,
            0.7359781121751027,
            0.6818057455540356
      ],
      "test_pr_auc_score": [
            0.5470014590529872,
            0.5753789736264205,
            0.5308319957196362,
            0.4137872183182393,
            0.5998488869231903,
            0.5794929706136122,
            0.5598186643078285,
            0.5183708913603953,
            0.46711506551108684,
            0.5798186643078284,
            0.6098259528530513,
            0.5551042480322057,
            0.5904358334133616,
            0.558689138576779,
            0.4361672898824602,
            0.5869736558591048,
            0.5281217750257998,
            0.4951029071012715,
            0.5717479974445918,
            0.5298192762705877,
            0.47369709431837653,
            0.5488892186087918,
            0.5660472486315182,
            0.5622734551399302,
            0.526032373021804,
            0.5714298208132494,
            0.4834789178829426,
            0.4739012564089964,
            0.6063186039966225,
            0.5413651462824771
      ],