{
      "fit_time": [
            3.246843099594116,
            4.803918123245239,
            4.226008176803589,
            3.7698190212249756,
            4.491809606552124,
            4.024080038070679,
            4.060449123382568,
            4.249151229858398,
            3.521790027618408,
            2.8728060722351074,
            3.970769166946411,
            3.7856009006500244,
            3.4811580181121826,
            3.9242329597473145,
            4.2976908683776855,
            2.883507013320923,
            2.4199211597442627,
            3.8082942962646484,
            3.8216712474823,
            3.425122022628784,
            4.041993141174316,
            4.088824033737183,
            3.513518810272217,
            3.730569839477539,
            3.3775179386138916,
            3.145294189453125,
            4.311929225921631,
            2.418649911880493,
            3.843712091445923,
            4.916764974594116
      ],
      "score_time": [
            0.48552608489990234,
            0.8665969371795654,
            0.7128307819366455,
            0.5334000587463379,
            0.7038183212280273,
            0.5987720489501953,
            0.6257309913635254,
            0.698887825012207,
            0.635545015335083,
            0.4803640842437744,
            0.6580009460449219,
            0.5621240139007568,
            0.512890100479126,
            0.6653492450714111,
            0.7557320594787598,
            0.44752001762390137,
            0.46098899841308594,
            0.6134719848632812,
            0.5712666511535645,
            0.48340487480163574,
            0.6728808879852295,
            0.689694881439209,
            0.5912399291992188,
            0.5760781764984131,
            0.5846972465515137,
            1.0080738067626953,
            0.8531467914581299,
            0.5890212059020996,
            0.6485381126403809,
            0.5554800033569336
      ],
      "test_f1_score_macro": [
            0.6873536299765808,
            0.7041820316504888,
            0.6366985264834727,
            0.669984387197502,
            0.7110041905944435,
            0.7042124542124542,
            0.7232598464206094,
            0.7603603603603604,
            0.7285535584962801,
            0.67569573283859,
            0.7792780380270047,
            0.7130124187653993,
            0.6845785440613027,
            0.7130124187653993,
            0.6660025782257118,
            0.7293531308741615,
            0.7334352441613587,
            0.7042124542124542,
            0.680672268907563,
            0.7619962884411453,
            0.7198974239421845,
            0.7253086419753085,
            0.7623928806855635,
            0.6687931951089845,
            0.7390109890109889,
            0.7045007300196788,
            0.7179215270413574,
            0.6603494623655913,
            0.6970227977640318,
            0.749731182795699
      ],
      "test_accuracy_score": [
            0.7303370786516854,
            0.7490636704119851,
            0.6928838951310862,
            0.7153558052434457,
            0.7631578947368421,
            0.7443609022556391,
            0.7631578947368421,
            0.7969924812030075,
            0.7669172932330827,
            0.7406015037593985,
            0.8202247191011236,
            0.7565543071161048,
            0.7228464419475655,
            0.7565543071161048,
            0.7180451127819549,
            0.7781954887218046,
            0.7781954887218046,
            0.7443609022556391,
            0.7180451127819549,
            0.7969924812030075,
            0.7640449438202247,
            0.7677902621722846,
            0.797752808988764,
            0.7116104868913857,
            0.7744360902255639,
            0.7368421052631579,
            0.7593984962406015,
            0.7142857142857143,
            0.7556390977443609,
            0.7894736842105263
      ],
      "test_recall_score_macro": [
            0.6985304169514696,
            0.7116883116883117,
            0.6413192071086808,
            0.6802802460697197,
            0.7101972101972102,
            0.7162097162097162,
            0.7332852332852333,
            0.7686387686387686,
            0.7397787397787398,
            0.6712361712361712,
            0.777136021872864,
            0.7208133971291866,
            0.7009911141490088,
            0.7208133971291866,
            0.6707551707551707,
            0.7284752284752285,
            0.7361712361712361,
            0.7162097162097162,
            0.6976911976911977,
            0.7724867724867726,
            0.7260765550239234,
            0.73257006151743,
            0.7729323308270677,
            0.6815105946684894,
            0.7527657527657527,
            0.7263107263107262,
            0.7267917267917268,
            0.6642616642616642,
            0.6933621933621934,
            0.7556517556517557
      ],
      "test_precision_score_macro": [
            0.6813499000999002,
            0.6989592702042914,
            0.6336457659987071,
            0.6646790709290709,
            0.7118421052631578,
            0.6975824175824177,
            0.7167390194075587,
            0.7541111472213194,
            0.7215133625341205,
            0.6816326530612244,
            0.7815624999999999,
            0.70753565463189,
            0.6783201940570043,
            0.70753565463189,
            0.6625457875457875,
            0.7302631578947368,
            0.7309811827956989,
            0.6975824175824177,
            0.6747448979591837,
            0.7546394400565081,
            0.7151639344262295,
            0.7199418228829993,
            0.7549808429118774,
            0.6632947976878613,
            0.7309890109890109,
            0.6976297629762976,
            0.7119373274256726,
            0.6573836328922247,
            0.7014604810996563,
            0.744947001119231
      ],
      "test_auc_score": [
            0.6985304169514696,
            0.7116883116883117,
            0.6413192071086807,
            0.6802802460697197,
            0.7101972101972102,
            0.7162097162097162,
            0.7332852332852332,
            0.7686387686387687,
            0.7397787397787398,
            0.6712361712361713,
            0.7771360218728639,
            0.7208133971291866,
            0.7009911141490088,
            0.7208133971291866,
            0.6707551707551708,
            0.7284752284752284,
            0.7361712361712363,
            0.7162097162097162,
            0.6976911976911977,
            0.7724867724867726,
            0.7260765550239234,
            0.73257006151743,
            0.7729323308270677,
            0.6815105946684894,
            0.7527657527657527,
            0.7263107263107264,
            0.7267917267917268,
            0.6642616642616642,
            0.6933621933621933,
            0.7556517556517558
      ],
      "test_pr_auc_score": [
            0.6297316915294443,
            0.645065195235041,
            0.5643227669004272,
            0.6095009859054803,
            0.6484107997265891,
            0.6501524790998475,
            0.6698137388926864,
            0.711529492179647,
            0.6767896503260193,
            0.6032467532467533,
            0.7311454837297535,
            0.6554999960408897,
            0.6329690811910202,
            0.6554999960408897,
            0.5990829346092503,
            0.6707963089542037,
            0.6770633971291866,
            0.6501524790998475,
            0.6305292451908993,
            0.7145881946244923,
            0.6622829417773238,
            0.6693547694869573,
            0.7144333130385049,
            0.611374580475704,
            0.6905857300594144,
            0.661209166029385,
            0.6627835262136532,
            0.5915287946042543,
            0.63018341307815,
            0.697907830913538
      ],