{
      "fit_time": [
            2.538264036178589,
            2.543592929840088,
            2.7751989364624023,
            2.014327049255371,
            3.262552261352539,
            3.2787582874298096,
            2.981673002243042,
            4.261810064315796,
            2.464026927947998,
            2.4354920387268066,
            2.6213958263397217,
            2.400327205657959,
            1.6492090225219727,
            3.145998001098633,
            2.358091115951538,
            3.6995890140533447,
            5.931761026382446,
            2.5036160945892334,
            3.089357852935791,
            2.962887763977051,
            2.2391340732574463,
            3.2419490814208984,
            2.483713150024414,
            2.6925230026245117,
            3.161620855331421,
            2.6647448539733887,
            2.6442818641662598,
            3.4318978786468506,
            2.796367883682251,
            2.264514207839966
      ],
      "score_time": [
            0.4033079147338867,
            0.40337109565734863,
            0.4355580806732178,
            0.3242678642272949,
            0.518474817276001,
            0.5478167533874512,
            0.48523998260498047,
            0.6842961311340332,
            0.3640890121459961,
            0.373903751373291,
            0.4264400005340576,
            0.39107418060302734,
            0.2629280090332031,
            0.5604920387268066,
            0.4313826560974121,
            0.6202061176300049,
            0.9087848663330078,
            0.4099736213684082,
            0.4787609577178955,
            0.47272610664367676,
            0.38420820236206055,
            0.5529940128326416,
            0.4198272228240967,
            0.4226839542388916,
            0.4755520820617676,
            0.3776423931121826,
            0.3705770969390869,
            0.44138216972351074,
            0.3729841709136963,
            0.31589198112487793
      ],
      "test_f1_score_macro": [
            0.5573817079524463,
            0.467065868263473,
            0.5946356275303644,
            0.515928515928516,
            0.6126792114695341,
            0.601,
            0.6599190283400809,
            0.6168098951865283,
            0.5639560876260493,
            0.6696637027470072,
            0.575021222410866,
            0.49936490655053534,
            0.6780148423005565,
            0.6370112567295666,
            0.5711239402922973,
            0.5605442176870749,
            0.5987933634992458,
            0.6126792114695341,
            0.5828853046594982,
            0.5476190476190476,
            0.5865272938443671,
            0.5435897435897435,
            0.6216599190283401,
            0.5573817079524463,
            0.5287030474840538,
            0.6722670250896058,
            0.5828853046594982,
            0.654132209913143,
            0.4711729622266402,
            0.5315479443735956
      ],
      "test_accuracy_score": [
            0.8689138576779026,
            0.8764044943820225,
            0.8876404494382022,
            0.8689138576779026,
            0.9022556390977443,
            0.9097744360902256,
            0.9097744360902256,
            0.8909774436090225,
            0.8759398496240601,
            0.9060150375939849,
            0.8876404494382022,
            0.8838951310861424,
            0.9026217228464419,
            0.9063670411985019,
            0.8834586466165414,
            0.8721804511278195,
            0.8909774436090225,
            0.9022556390977443,
            0.8947368421052632,
            0.9097744360902256,
            0.8801498127340824,
            0.8764044943820225,
            0.8951310861423221,
            0.8689138576779026,
            0.8872180451127819,
            0.9172932330827067,
            0.8947368421052632,
            0.9060150375939849,
            0.8909774436090225,
            0.8909774436090225
      ],
      "test_recall_score_macro": [
            0.5510743801652892,
            0.4834710743801653,
            0.5793388429752067,
            0.5152066115702479,
            0.5897038567493113,
            0.5737759336099585,
            0.627551867219917,
            0.599253112033195,
            0.555103734439834,
            0.643402489626556,
            0.5614049586776859,
            0.5055371900826446,
            0.6593388429752066,
            0.607603305785124,
            0.5606060606060607,
            0.5530290456431535,
            0.5813278008298756,
            0.587551867219917,
            0.5654771784232365,
            0.5379253112033195,
            0.575206611570248,
            0.5372727272727273,
            0.601404958677686,
            0.5510743801652892,
            0.525137741046832,
            0.6317012448132779,
            0.5654771784232365,
            0.6254771784232365,
            0.491701244813278,
            0.527551867219917
      ],
      "test_precision_score_macro": [
            0.5689424364123159,
            0.4517374517374517,
            0.626984126984127,
            0.525974025974026,
            0.6709317585301837,
            0.7451737451737452,
            0.7336576467011249,
            0.6495,
            0.583,
            0.716,
            0.6125075711689885,
            0.5161679536679536,
            0.7045840407470289,
            0.7127450980392157,
            0.5934926958831341,
            0.5754783841247342,
            0.6388888888888888,
            0.6880570409982174,
            0.6406417112299465,
            0.7896070975918885,
            0.6070588235294118,
            0.5636645962732919,
            0.6623015873015874,
            0.5689424364123159,
            0.55703125,
            0.7828877005347594,
            0.6406417112299465,
            0.7142857142857143,
            0.45229007633587787,
            0.5804263565891472
      ],
      "test_auc_score": [
            0.5510743801652892,
            0.4834710743801653,
            0.5793388429752065,
            0.5152066115702479,
            0.5897038567493113,
            0.5737759336099585,
            0.6275518672199171,
            0.599253112033195,
            0.555103734439834,
            0.6434024896265561,
            0.5614049586776859,
            0.5055371900826446,
            0.6593388429752066,
            0.6076033057851239,
            0.5606060606060607,
            0.5530290456431535,
            0.5813278008298755,
            0.5875518672199169,
            0.5654771784232365,
            0.5379253112033195,
            0.5752066115702479,
            0.5372727272727273,
            0.601404958677686,
            0.5510743801652892,
            0.5251377410468319,
            0.631701244813278,
            0.5654771784232365,
            0.6254771784232366,
            0.491701244813278,
            0.527551867219917
      ],
      "test_pr_auc_score": [
            0.23043695380774032,
            0.04681647940074907,
            0.30411985018726595,
            0.15449973247726057,
            0.3482142857142857,
            0.40518796992481204,
            0.4430653556969346,
            0.3432142857142857,
            0.24447368421052632,
            0.4419548872180451,
            0.27317199654278307,
            0.1274438202247191,
            0.44680465207963727,
            0.40558052434456926,
            0.25426065162907263,
            0.23712074303405573,
            0.3161654135338346,
            0.36486671223513334,
            0.30129186602870817,
            0.41656641604010025,
            0.284512007050011,
            0.20834135901551631,
            0.35558052434456927,
            0.23043695380774032,
            0.18302005012531328,
            0.4920164046479836,
            0.30129186602870817,
            0.42383458646616545,
            0.046992481203007516,
            0.20823308270676694
      ],