{
      "fit_time": [
            4.497518062591553,
            4.520350933074951,
            4.0096728801727295,
            4.0215699672698975,
            4.272001028060913,
            3.752007007598877,
            4.25252628326416,
            3.555155038833618,
            4.273890018463135,
            4.0935280323028564,
            5.010998964309692,
            4.123246192932129,
            4.136065244674683,
            3.8581039905548096,
            3.8004448413848877,
            4.840187072753906,
            4.410356044769287,
            5.261573076248169,
            5.705958127975464,
            6.2416229248046875,
            4.560392141342163,
            4.795516014099121,
            5.51167106628418,
            6.021840810775757,
            3.4912490844726562,
            4.589392900466919,
            4.326794862747192,
            4.341945171356201,
            5.566308975219727,
            3.2865920066833496
      ],
      "score_time": [
            0.792346715927124,
            0.8275611400604248,
            0.6438891887664795,
            0.6600098609924316,
            0.7541167736053467,
            0.5517129898071289,
            0.7077028751373291,
            0.5374259948730469,
            0.6640682220458984,
            0.6011881828308105,
            1.0156660079956055,
            0.6099348068237305,
            0.6557281017303467,
            0.6098799705505371,
            0.5985989570617676,
            0.9700069427490234,
            0.9417939186096191,
            0.7390711307525635,
            0.8729588985443115,
            1.025373935699463,
            0.622302770614624,
            0.7015719413757324,
            0.9906508922576904,
            0.7757093906402588,
            0.41796112060546875,
            0.5848071575164795,
            0.539987325668335,
            0.5431139469146729,
            0.6908178329467773,
            0.4053661823272705
      ],
      "test_f1_score_macro": [
            0.7228121300428012,
            0.743483709273183,
            0.7282903663500679,
            0.6998912255257432,
            0.7149636433218522,
            0.711370428889608,
            0.7153325715114908,
            0.7018297204545847,
            0.7143470790378007,
            0.7107177679441987,
            0.7110820895522388,
            0.7559786747905559,
            0.6775362318840579,
            0.7319530998427821,
            0.7013632718524458,
            0.6977272727272728,
            0.6510204081632653,
            0.7712096332785987,
            0.7568056721709114,
            0.7162510115500625,
            0.6416370957362703,
            0.7422639103906747,
            0.7310074626865672,
            0.683908569347054,
            0.6842105263157894,
            0.652988614800759,
            0.7224449448075128,
            0.7923892558679636,
            0.7465619213691193,
            0.744360902255639
      ],
      "test_accuracy_score": [
            0.7865168539325843,
            0.8277153558052435,
            0.797752808988764,
            0.7677902621722846,
            0.7894736842105263,
            0.7857142857142857,
            0.7781954887218046,
            0.7556390977443609,
            0.7744360902255639,
            0.7819548872180451,
            0.7827715355805244,
            0.8202247191011236,
            0.7528089887640449,
            0.8014981273408239,
            0.7631578947368421,
            0.7744360902255639,
            0.7293233082706767,
            0.8345864661654135,
            0.8157894736842105,
            0.7819548872180451,
            0.7265917602996255,
            0.8014981273408239,
            0.797752808988764,
            0.7565543071161048,
            0.7631578947368421,
            0.7518796992481203,
            0.7857142857142857,
            0.8458646616541353,
            0.8007518796992481,
            0.8082706766917294
      ],
      "test_recall_score_macro": [
            0.7337014470677836,
            0.7244097486671744,
            0.7306930693069307,
            0.7108910891089109,
            0.7172803217821782,
            0.7148050742574257,
            0.7312035891089108,
            0.7290088021431305,
            0.7310371220818982,
            0.7151932644469958,
            0.7155750190403656,
            0.7559786747905559,
            0.6853389185072354,
            0.7331683168316832,
            0.721302599009901,
            0.7020420792079207,
            0.6616646039603961,
            0.7656333716035209,
            0.7636050516647531,
            0.7256027554535017,
            0.6471439451637472,
            0.754036557501904,
            0.7359101294744859,
            0.693031226199543,
            0.6892790841584158,
            0.6498298267326732,
            0.7361540841584158,
            0.793915040183697,
            0.7640642939150402,
            0.7482204362801377
      ],
      "test_precision_score_macro": [
            0.7148508612239182,
            0.7758378580790114,
            0.726044776119403,
            0.6922916666666667,
            0.7128030303030303,
            0.7082802070051751,
            0.7053872053872053,
            0.6910112359550562,
            0.704325458606918,
            0.7068344000588538,
            0.7071805006587615,
            0.7559786747905559,
            0.6718330744245162,
            0.7307779285391226,
            0.6909242575909242,
            0.6939988116458704,
            0.6447368421052632,
            0.7775289884046381,
            0.7510204081632653,
            0.7092057633614877,
            0.6376068376068376,
            0.7335457218876908,
            0.7267237593324549,
            0.677461139896373,
            0.6800191274920915,
            0.656715210355987,
            0.7131239092495637,
            0.7909090909090909,
            0.7352700490998363,
            0.7408645276292335
      ],
      "test_auc_score": [
            0.7337014470677836,
            0.7244097486671744,
            0.7306930693069308,
            0.7108910891089111,
            0.7172803217821783,
            0.7148050742574258,
            0.7312035891089109,
            0.7290088021431306,
            0.7310371220818982,
            0.7151932644469959,
            0.7155750190403657,
            0.7559786747905559,
            0.6853389185072354,
            0.7331683168316833,
            0.721302599009901,
            0.7020420792079208,
            0.6616646039603961,
            0.7656333716035209,
            0.7636050516647532,
            0.7256027554535017,
            0.6471439451637472,
            0.754036557501904,
            0.7359101294744859,
            0.693031226199543,
            0.6892790841584158,
            0.6498298267326733,
            0.7361540841584159,
            0.793915040183697,
            0.76406429391504,
            0.7482204362801378
      ],
      "test_pr_auc_score": [
            0.6373554626363614,
            0.6665296715055944,
            0.639733914696182,
            0.608689138576779,
            0.6201174100022784,
            0.6159337826843228,
            0.6297793489405331,
            0.6279352226720647,
            0.6321327905938166,
            0.6184218908475201,
            0.618231808901081,
            0.6757130509939498,
            0.5778055354936993,
            0.6441436840313245,
            0.6166320024598534,
            0.5985874613003096,
            0.5457001879699248,
            0.6965629711099944,
            0.6792654713707345,
            0.6286573916350412,
            0.5301738211850572,
            0.6625082731824304,
            0.6443638595568248,
            0.5870498415442236,
            0.5815719666012859,
            0.5340186403508772,
            0.6368789160401003,
            0.7246569220253429,
            0.6722093695777906,
            0.6619679855747967
      ],