{
      "fit_time": [
            4.6340179443359375,
            3.9297890663146973,
            4.3473522663116455,
            4.054843187332153,
            5.064848899841309,
            3.9175171852111816,
            4.220607280731201,
            5.248733997344971,
            7.427233934402466,
            3.773948907852173,
            4.3457372188568115,
            6.4851720333099365,
            4.006032943725586,
            3.7570459842681885,
            3.6756677627563477,
            3.916193962097168,
            3.879531145095825,
            8.021987915039062,
            6.937049150466919,
            3.921720027923584,
            8.046578884124756,
            4.312798976898193,
            3.9253392219543457,
            5.190841913223267,
            3.9179887771606445,
            4.963881254196167,
            4.021371841430664,
            3.818748712539673,
            5.354331970214844,
            3.5919148921966553
      ],
      "score_time": [
            0.5199790000915527,
            0.3596029281616211,
            0.44543886184692383,
            0.3892989158630371,
            0.6079790592193604,
            0.35051679611206055,
            0.4063680171966553,
            0.6447772979736328,
            1.3206262588500977,
            0.4159202575683594,
            0.4958317279815674,
            0.9305248260498047,
            0.4454379081726074,
            0.3748359680175781,
            0.4517049789428711,
            0.49313902854919434,
            0.6374878883361816,
            1.3721199035644531,
            0.8779740333557129,
            0.5110418796539307,
            1.1872057914733887,
            0.41051197052001953,
            0.3528149127960205,
            0.6216747760772705,
            0.5537149906158447,
            0.48396921157836914,
            0.6164312362670898,
            0.2574341297149658,
            0.4213130474090576,
            0.24664711952209473
      ],
      "test_f1_score_macro": [
            0.6517996870109546,
            0.6218042493904563,
            0.5898617511520737,
            0.5819651320243737,
            0.6143637782982045,
            0.6059824159021406,
            0.6218009478672986,
            0.6272541407272978,
            0.6398497554157931,
            0.6123513633387543,
            0.5967738405305435,
            0.6031753520960628,
            0.61697965571205,
            0.6451467573716577,
            0.6289511777865509,
            0.669414360717275,
            0.6172661870503597,
            0.6380952380952382,
            0.5933787561146051,
            0.6024980483996878,
            0.5821596244131455,
            0.6283705678359952,
            0.591008991008991,
            0.6764228385887088,
            0.623587555705747,
            0.5966594349966174,
            0.5757575757575757,
            0.6618266978922717,
            0.641658706248316,
            0.6365410892055436
      ],
      "test_accuracy_score": [
            0.7752808988764045,
            0.7715355805243446,
            0.7640449438202247,
            0.7228464419475655,
            0.7556390977443609,
            0.7669172932330827,
            0.7518796992481203,
            0.7706766917293233,
            0.7669172932330827,
            0.7406015037593985,
            0.7415730337078652,
            0.7640449438202247,
            0.7528089887640449,
            0.7790262172284644,
            0.8007518796992481,
            0.8157894736842105,
            0.7406015037593985,
            0.7593984962406015,
            0.7368421052631579,
            0.7481203007518797,
            0.7303370786516854,
            0.7790262172284644,
            0.7415730337078652,
            0.8014981273408239,
            0.7481203007518797,
            0.7556390977443609,
            0.7142857142857143,
            0.7857142857142857,
            0.793233082706767,
            0.7631578947368421
      ],
      "test_recall_score_macro": [
            0.7153527924615031,
            0.6582969432314411,
            0.6100321765111469,
            0.6299126637554585,
            0.6654667768204886,
            0.6380266729611708,
            0.6859435855069043,
            0.6742004012746371,
            0.7060073173610291,
            0.679393367166293,
            0.6408296943231442,
            0.6319811537577569,
            0.6693288899103654,
            0.6955872213284302,
            0.6463472205830285,
            0.7004012746370825,
            0.6907234745662694,
            0.7129706125339313,
            0.6432196388528266,
            0.6497698571934379,
            0.6233049873592278,
            0.6626637554585153,
            0.6298552056998391,
            0.730636635256263,
            0.6950902867933435,
            0.6314764546205595,
            0.6301192021716039,
            0.7282544553286912,
            0.6759707305558833,
            0.703823911247492
      ],
      "test_precision_score_macro": [
            0.6358955765047136,
            0.6096212000636638,
            0.5821183533447685,
            0.5791555804509172,
            0.6041295306001189,
            0.5957586178662082,
            0.6118248278799063,
            0.6141707920792079,
            0.6260743950884796,
            0.6052631578947368,
            0.5897013614404919,
            0.5935870273794003,
            0.6068527918781725,
            0.6296268088347297,
            0.6185015290519877,
            0.6525880661394681,
            0.610201854882706,
            0.6259685863874346,
            0.5876489707475623,
            0.5942513368983957,
            0.5778100072516317,
            0.6153438722294654,
            0.5843283582089552,
            0.6561624649859944,
            0.6144736842105263,
            0.5880771663504112,
            0.5757575757575758,
            0.6436423054070113,
            0.6267857142857143,
            0.6236397479954181
      ],
      "test_auc_score": [
            0.7153527924615031,
            0.6582969432314412,
            0.6100321765111469,
            0.6299126637554584,
            0.6654667768204886,
            0.6380266729611708,
            0.6859435855069044,
            0.6742004012746372,
            0.7060073173610291,
            0.679393367166293,
            0.6408296943231441,
            0.6319811537577569,
            0.6693288899103655,
            0.6955872213284303,
            0.6463472205830285,
            0.7004012746370826,
            0.6907234745662693,
            0.7129706125339313,
            0.6432196388528266,
            0.649769857193438,
            0.6233049873592278,
            0.6626637554585153,
            0.6298552056998391,
            0.7306366352562629,
            0.6950902867933435,
            0.6314764546205593,
            0.630119202171604,
            0.7282544553286912,
            0.6759707305558834,
            0.703823911247492
      ],
      "test_pr_auc_score": [
            0.5134352735772014,
            0.4413182292626021,
            0.37680321846495707,
            0.41395890272294766,
            0.44928398101772715,
            0.41139151130230533,
            0.4761777175259511,
            0.4584751574883154,
            0.49909843127041054,
            0.470229628124365,
            0.4232616837648591,
            0.4070778498331145,
            0.45815099546619364,
            0.488667000257775,
            0.4223565670934092,
            0.4945328497960077,
            0.4845624977203925,
            0.5087604145498883,
            0.4243941601243306,
            0.4302972255758633,
            0.4028667173551857,
            0.44659747349711165,
            0.40862364699271236,
            0.5324828926248204,
            0.4884423897581792,
            0.40442048888568416,
            0.41396796659954554,
            0.5252310027851824,
            0.46023420036577933,
            0.49684882250671725
      ],