{
      "fit_time": [
            3.9674949645996094,
            6.752485036849976,
            4.693717002868652,
            5.864249229431152,
            5.775087118148804,
            5.220181941986084,
            4.5209128856658936,
            5.217539072036743,
            5.129188776016235,
            5.258638143539429,
            5.190699100494385,
            4.917273998260498,
            6.596526145935059,
            4.647435188293457,
            4.581707239151001,
            7.487101078033447,
            4.626981973648071,
            5.46432089805603,
            4.672967910766602,
            6.534353017807007,
            4.21361780166626,
            4.623966932296753,
            5.031586170196533,
            6.060398101806641,
            4.537771940231323,
            4.806246280670166,
            4.4568328857421875,
            5.996079683303833,
            4.7984209060668945,
            3.867374897003174
      ],
      "score_time": [
            0.4135611057281494,
            0.9506571292877197,
            0.5225331783294678,
            0.7115159034729004,
            0.7281579971313477,
            0.6282708644866943,
            0.48017024993896484,
            0.6455779075622559,
            0.5881202220916748,
            0.6304750442504883,
            0.6580939292907715,
            0.5876741409301758,
            0.90913987159729,
            0.5575428009033203,
            0.5224239826202393,
            1.0130820274353027,
            0.519395112991333,
            0.6575329303741455,
            0.5593352317810059,
            0.9813408851623535,
            0.4806952476501465,
            0.5265369415283203,
            0.635347843170166,
            0.49817872047424316,
            0.45565009117126465,
            0.42769312858581543,
            0.43308091163635254,
            0.5220601558685303,
            0.33390188217163086,
            0.3332180976867676
      ],
      "test_f1_score_macro": [
            0.7008297283880576,
            0.7220851810132177,
            0.6735013081560687,
            0.7362302240675782,
            0.6971478807269373,
            0.6657470932331913,
            0.7230609057782404,
            0.6824725661934965,
            0.7319320472214224,
            0.7139784946236558,
            0.6722710664535283,
            0.694508009153318,
            0.7062706270627063,
            0.7185470085470086,
            0.7324712643678162,
            0.680376402461093,
            0.7342888165038002,
            0.6983650795929206,
            0.7076754005436983,
            0.7069805194805194,
            0.6958820093457945,
            0.6611723439750189,
            0.754223726509283,
            0.7703818369453046,
            0.7124821652470925,
            0.6725263398992212,
            0.6699561403508771,
            0.6992694805194805,
            0.7207288835195812,
            0.6907875617553036
      ],
      "test_accuracy_score": [
            0.704119850187266,
            0.7265917602996255,
            0.6779026217228464,
            0.7415730337078652,
            0.7030075187969925,
            0.6729323308270677,
            0.7293233082706767,
            0.6879699248120301,
            0.7368421052631579,
            0.7218045112781954,
            0.6779026217228464,
            0.700374531835206,
            0.7116104868913857,
            0.7228464419475655,
            0.7368421052631579,
            0.6879699248120301,
            0.7406015037593985,
            0.7030075187969925,
            0.7142857142857143,
            0.7142857142857143,
            0.7078651685393258,
            0.6666666666666666,
            0.7565543071161048,
            0.7752808988764045,
            0.7180451127819549,
            0.6766917293233082,
            0.6766917293233082,
            0.706766917293233,
            0.7255639097744361,
            0.6992481203007519
      ],
      "test_recall_score_macro": [
            0.7013991582300079,
            0.7215333864179274,
            0.6735013081560687,
            0.7349562052098737,
            0.6963517466873173,
            0.6648534127347687,
            0.7215414567109483,
            0.6818025652771416,
            0.7308749427393495,
            0.7122079706825469,
            0.6717381412808554,
            0.6936355363439881,
            0.7054658173131612,
            0.7181776817199408,
            0.7320598864223025,
            0.679225836005497,
            0.7325355016032982,
            0.6978928080622996,
            0.7063101236830049,
            0.7054512139257902,
            0.6941758616767149,
            0.660789443749289,
            0.7554316915026732,
            0.7686838812421795,
            0.7116101646302988,
            0.6725263398992212,
            0.6690907008703619,
            0.6978355474118185,
            0.7198808978469995,
            0.6893609711406321
      ],
      "test_precision_score_macro": [
            0.7004415260953243,
            0.7228260869565217,
            0.6735013081560687,
            0.7385654885654885,
            0.6984577922077921,
            0.6682346753929761,
            0.7267346460384434,
            0.6836427786453815,
            0.7337662337662338,
            0.7199667616334283,
            0.6731166150670795,
            0.6961117511520737,
            0.7075910814848867,
            0.7189997716373602,
            0.7329686150302333,
            0.6839769587962146,
            0.7386998177863986,
            0.6990210192916786,
            0.7111462728551337,
            0.7115566037735849,
            0.70796783625731,
            0.6617276887871854,
            0.7535569105691057,
            0.7735379270411118,
            0.7138798701298701,
            0.6725263398992212,
            0.6720862470862471,
            0.7037146226415094,
            0.7221065417317369,
            0.6962844254510921
      ],
      "test_auc_score": [
            0.701399158230008,
            0.7215333864179274,
            0.6735013081560687,
            0.7349562052098737,
            0.6963517466873173,
            0.6648534127347686,
            0.7215414567109483,
            0.6818025652771416,
            0.7308749427393495,
            0.712207970682547,
            0.6717381412808554,
            0.6936355363439881,
            0.7054658173131612,
            0.7181776817199408,
            0.7320598864223026,
            0.679225836005497,
            0.7325355016032983,
            0.6978928080622996,
            0.7063101236830049,
            0.7054512139257902,
            0.694175861676715,
            0.6607894437492892,
            0.7554316915026731,
            0.7686838812421796,
            0.7116101646302988,
            0.6725263398992213,
            0.6690907008703618,
            0.6978355474118186,
            0.7198808978469996,
            0.6893609711406321
      ],
      "test_pr_auc_score": [
            0.7407226119332904,
            0.757970186493118,
            0.7161175649082714,
            0.7705044598969565,
            0.7342816175053017,
            0.7079366508324926,
            0.7598203370950918,
            0.7236997172697757,
            0.7675544794188863,
            0.7520353197204224,
            0.7137671354161447,
            0.7331423833102085,
            0.7437581772596763,
            0.7549716857434927,
            0.7659969321296553,
            0.7209690232233522,
            0.7701824258094944,
            0.7381214643092626,
            0.7458459000608866,
            0.7453226927247765,
            0.7359352186885039,
            0.7042705461209597,
            0.7867847084488746,
            0.801420797193031,
            0.7479977989846411,
            0.7164202880081559,
            0.7119205950160454,
            0.738248122705228,
            0.7576115555124499,
            0.7305394761349266
      ],