{
      "fit_time": [
            8.301265954971313,
            7.799289226531982,
            8.604625225067139,
            8.719670057296753,
            6.808537244796753,
            6.810433626174927,
            6.835421085357666,
            7.058704137802124,
            5.410962343215942,
            6.686389923095703,
            6.90004563331604,
            7.868789196014404,
            6.492443084716797,
            7.206962823867798,
            9.565021276473999,
            8.416698217391968,
            6.062208890914917,
            8.017851114273071,
            9.328014135360718,
            7.511762857437134,
            6.065518856048584,
            5.905911207199097,
            7.221160888671875,
            6.515661954879761,
            7.229576110839844,
            6.444782018661499,
            6.149544954299927,
            6.074052095413208,
            6.036447048187256,
            5.282444000244141
      ],
      "score_time": [
            1.661247968673706,
            1.4944097995758057,
            1.68479585647583,
            1.6396851539611816,
            1.3807337284088135,
            1.3344120979309082,
            1.303466796875,
            1.368129014968872,
            1.3326528072357178,
            1.4252097606658936,
            1.4826831817626953,
            1.533186674118042,
            1.2616240978240967,
            1.4261362552642822,
            2.0195679664611816,
            1.660956859588623,
            1.2960877418518066,
            1.4301159381866455,
            1.946408987045288,
            1.286275863647461,
            1.0078699588775635,
            1.0581679344177246,
            1.4202520847320557,
            1.1807069778442383,
            1.1027977466583252,
            0.9205121994018555,
            0.8242769241333008,
            0.8248269557952881,
            0.7661550045013428,
            0.6337001323699951
      ],
      "test_f1_score_macro": [
            0.7051895472948104,
            0.6680707296739942,
            0.6816047110783954,
            0.6646904205607477,
            0.6950800128387364,
            0.7438784126090627,
            0.6675966288869515,
            0.7316001899335233,
            0.6897432490292481,
            0.6735814877578449,
            0.6894608135512346,
            0.701129541060344,
            0.6666763442108932,
            0.720125786163522,
            0.6716628460588961,
            0.6876402824228911,
            0.6921296296296297,
            0.7103973870440936,
            0.6694266848338748,
            0.6658096184187461,
            0.6635035955222774,
            0.7087983505893953,
            0.675880830152253,
            0.6894663231505337,
            0.6785858133810696,
            0.6907875617553036,
            0.6875301204819277,
            0.7133070529004444,
            0.6964829927060013,
            0.6605531813865148
      ],
      "test_accuracy_score": [
            0.7191011235955056,
            0.6816479400749064,
            0.6966292134831461,
            0.6779026217228464,
            0.7180451127819549,
            0.7556390977443609,
            0.6766917293233082,
            0.7443609022556391,
            0.7030075187969925,
            0.6842105263157895,
            0.7078651685393258,
            0.7116104868913857,
            0.6779026217228464,
            0.7303370786516854,
            0.6842105263157895,
            0.7030075187969925,
            0.706766917293233,
            0.7293233082706767,
            0.6879699248120301,
            0.6766917293233082,
            0.6816479400749064,
            0.7265917602996255,
            0.6891385767790262,
            0.704119850187266,
            0.6954887218045113,
            0.6992481203007519,
            0.706766917293233,
            0.7255639097744361,
            0.7030075187969925,
            0.6766917293233082
      ],
      "test_recall_score_macro": [
            0.7055509674374705,
            0.6696554978763568,
            0.6819254365266636,
            0.66658801321378,
            0.6910612535612535,
            0.7443019943019943,
            0.6726020892687559,
            0.7316001899335233,
            0.6907644824311491,
            0.6770536562203229,
            0.6876474752241624,
            0.704636621047664,
            0.6700684285040113,
            0.7234544596507786,
            0.6736111111111112,
            0.6873219373219374,
            0.6921296296296297,
            0.7072056030389364,
            0.6680911680911681,
            0.6691595441595442,
            0.6626946672958942,
            0.706465313827277,
            0.6775306748466258,
            0.6898006134969326,
            0.6777065527065527,
            0.6962844254510921,
            0.6852445394112061,
            0.7144468186134852,
            0.7045346628679963,
            0.6605531813865148
      ],
      "test_precision_score_macro": [
            0.7048500881834214,
            0.6669957031703635,
            0.681305114638448,
            0.6635205558772437,
            0.7043420300895067,
            0.7434782608695651,
            0.6665139715987174,
            0.7316001899335233,
            0.688914359607359,
            0.6721491228070176,
            0.6920661755826591,
            0.6993449028847258,
            0.6652906776745786,
            0.7182027649769586,
            0.6704545454545454,
            0.6879802251474179,
            0.6921296296296297,
            0.7159203364670955,
            0.6712937760841953,
            0.6644736842105263,
            0.6644995824883693,
            0.7122498483929653,
            0.6747474160956916,
            0.6891534391534392,
            0.6796579657965797,
            0.6893609711406321,
            0.6912377450980391,
            0.7123670134602951,
            0.6959179032349765,
            0.6605531813865148
      ],
      "test_auc_score": [
            0.7055509674374705,
            0.6696554978763568,
            0.6819254365266635,
            0.6665880132137801,
            0.6910612535612536,
            0.7443019943019943,
            0.6726020892687559,
            0.7316001899335232,
            0.6907644824311491,
            0.6770536562203229,
            0.6876474752241624,
            0.704636621047664,
            0.6700684285040113,
            0.7234544596507786,
            0.6736111111111112,
            0.6873219373219374,
            0.6921296296296297,
            0.7072056030389364,
            0.6680911680911681,
            0.6691595441595442,
            0.6626946672958943,
            0.7064653138272771,
            0.6775306748466258,
            0.6898006134969324,
            0.6777065527065528,
            0.6962844254510921,
            0.6852445394112061,
            0.7144468186134852,
            0.7045346628679963,
            0.6605531813865148
      ],
      "test_pr_auc_score": [
            0.7104513931761123,
            0.6761766563848823,
            0.687360579495411,
            0.6735077656425972,
            0.6997009864765631,
            0.7491613649508386,
            0.6827278430757467,
            0.7369866975130133,
            0.6971474786895347,
            0.6855239059186428,
            0.6930551390824264,
            0.7099433867978165,
            0.6779424252073571,
            0.7275075112153764,
            0.6812628161312372,
            0.6935598892676051,
            0.6983082706766917,
            0.7150586675362711,
            0.6741986084091347,
            0.67820994794679,
            0.6678882451771538,
            0.712495581950001,
            0.6836988454798474,
            0.695057517388978,
            0.6839549845672827,
            0.7042236866612424,
            0.691804631771737,
            0.7199501494570357,
            0.7129732163429211,
            0.6673655292076346
      ],