{
      "fit_time": [
            6.741964101791382,
            6.658841848373413,
            6.709957122802734,
            8.886194944381714,
            9.275835275650024,
            7.252395153045654,
            7.245204925537109,
            6.994235277175903,
            6.388485908508301,
            6.794650316238403,
            8.55217981338501,
            5.252784729003906,
            7.878866910934448,
            6.315953731536865,
            7.8214898109436035,
            9.212326765060425,
            7.127469062805176,
            7.448127031326294,
            6.683194160461426,
            7.504029989242554,
            9.30226993560791,
            9.325123071670532,
            5.692751884460449,
            5.884830951690674,
            6.772889137268066,
            7.256139039993286,
            7.7048749923706055,
            7.40873384475708,
            6.3541247844696045,
            4.468056917190552
      ],
      "score_time": [
            1.13814115524292,
            1.0952203273773193,
            1.118757724761963,
            1.7112572193145752,
            1.8555479049682617,
            1.225337028503418,
            1.2299761772155762,
            1.2661099433898926,
            1.2167019844055176,
            1.2847375869750977,
            2.0701541900634766,
            1.0605740547180176,
            1.8807008266448975,
            1.3086631298065186,
            1.7150211334228516,
            1.8646011352539062,
            1.3796939849853516,
            1.3093008995056152,
            1.211580753326416,
            1.3343870639801025,
            2.1281509399414062,
            2.108397960662842,
            1.1328020095825195,
            1.5791020393371582,
            1.2165658473968506,
            1.1382949352264404,
            0.8575379848480225,
            0.7391910552978516,
            0.651522159576416,
            0.5359392166137695
      ],
      "test_f1_score_macro": [
            0.7027689706193194,
            0.7410499683744465,
            0.7151600224592926,
            0.710571142989878,
            0.7151600224592924,
            0.6788124156545209,
            0.6837635869565217,
            0.6755177304964539,
            0.6989182606203883,
            0.7087108013937282,
            0.7073684802158273,
            0.7292394366197184,
            0.6736995884195592,
            0.6996625421822272,
            0.7386993830224807,
            0.7253737253737254,
            0.7159212268785509,
            0.6568033914165403,
            0.6931949250288352,
            0.7274590163934427,
            0.6604013566986998,
            0.7338434538434538,
            0.665144789685056,
            0.7301516002245929,
            0.6690704225352112,
            0.7283404255319148,
            0.704360216585922,
            0.7310720947783617,
            0.7096028696601495,
            0.6971766848816029
      ],
      "test_accuracy_score": [
            0.704119850187266,
            0.7415730337078652,
            0.7153558052434457,
            0.7116104868913857,
            0.7153558052434457,
            0.6804511278195489,
            0.6842105263157895,
            0.6766917293233082,
            0.7030075187969925,
            0.7105263157894737,
            0.7078651685393258,
            0.7303370786516854,
            0.6741573033707865,
            0.700374531835206,
            0.7415730337078652,
            0.7255639097744361,
            0.7180451127819549,
            0.6578947368421053,
            0.6954887218045113,
            0.7293233082706767,
            0.6629213483146067,
            0.7340823970037453,
            0.6666666666666666,
            0.7303370786516854,
            0.6704119850187266,
            0.7293233082706767,
            0.706766917293233,
            0.7330827067669173,
            0.7105263157894737,
            0.6992481203007519
      ],
      "test_recall_score_macro": [
            0.7031039515042659,
            0.7409912438257746,
            0.715115626403233,
            0.7107375392905253,
            0.7151515151515151,
            0.6795306757138818,
            0.6837998303647159,
            0.6759400621996042,
            0.7014136273678259,
            0.7094995759117897,
            0.7073417153120791,
            0.7294005388414908,
            0.6736921867983834,
            0.6997081275258195,
            0.7404882154882155,
            0.725332202431439,
            0.716906983319197,
            0.6571953633022336,
            0.6943454905286967,
            0.7282442748091603,
            0.6615401885945218,
            0.7337786259541985,
            0.6656376290974405,
            0.7301021553659632,
            0.6697811447811448,
            0.7285835453774385,
            0.7055696918292338,
            0.731947978512864,
            0.7098388464800678,
            0.6981622844218265
      ],
      "test_precision_score_macro": [
            0.7058070754180412,
            0.7421328671328671,
            0.7152847994607348,
            0.7128401360544218,
            0.7154901079136691,
            0.6824712643678161,
            0.6844255319148935,
            0.6778711484593838,
            0.7114197530864197,
            0.7138157894736842,
            0.708112676056338,
            0.7320576879400409,
            0.6741810199257008,
            0.700880758807588,
            0.750321261682243,
            0.7256000905797102,
            0.7224025974025974,
            0.658675799086758,
            0.6992694805194806,
            0.7334721499219157,
            0.6653832892770946,
            0.7340939748201438,
            0.6678421112501423,
            0.7302831142568251,
            0.6720793993857355,
            0.73109243697479,
            0.7113048532403371,
            0.7378246753246753,
            0.7118150684931507,
            0.7027011394528313
      ],
      "test_auc_score": [
            0.7031039515042657,
            0.7409912438257745,
            0.7151156264032331,
            0.7107375392905253,
            0.7151515151515153,
            0.6795306757138818,
            0.6837998303647159,
            0.6759400621996041,
            0.7014136273678258,
            0.7094995759117896,
            0.7073417153120791,
            0.7294005388414909,
            0.6736921867983834,
            0.6997081275258195,
            0.7404882154882155,
            0.725332202431439,
            0.7169069833191971,
            0.6571953633022336,
            0.6943454905286967,
            0.7282442748091603,
            0.6615401885945218,
            0.7337786259541984,
            0.6656376290974406,
            0.7301021553659632,
            0.6697811447811448,
            0.7285835453774385,
            0.7055696918292338,
            0.731947978512864,
            0.7098388464800678,
            0.6981622844218264
      ],
      "test_pr_auc_score": [
            0.7707392945388325,
            0.8011228807502073,
            0.7807678933199291,
            0.7769580724476084,
            0.782766215526047,
            0.7522831987840093,
            0.7568307409745738,
            0.7496201775205864,
            0.772333983814498,
            0.7773776043161339,
            0.774346341881808,
            0.7922959217137409,
            0.747871390314996,
            0.7681166090329743,
            0.8071809399253482,
            0.7896716534896401,
            0.7839565516845549,
            0.7345415064378503,
            0.7647524106066694,
            0.7933617144259013,
            0.7357246898783802,
            0.7952545154673071,
            0.7398321802753675,
            0.7924081007386249,
            0.7455441387787607,
            0.7925916047415351,
            0.7744517317639054,
            0.7967593124031452,
            0.7772678356195833,
            0.7679142208016155
      ],