{
      "fit_time": [
            5.350397348403931,
            5.340785026550293,
            5.247120141983032,
            5.275887966156006,
            5.682839870452881,
            8.7079439163208,
            4.418872117996216,
            6.026637077331543,
            5.26680326461792,
            5.002901792526245,
            5.300901889801025,
            5.335453271865845,
            5.351356029510498,
            4.835613012313843,
            4.510656833648682,
            4.7729411125183105,
            5.217867851257324,
            5.210474967956543,
            5.337604761123657,
            6.2005250453948975,
            4.691754102706909,
            5.555185794830322,
            5.014337062835693,
            4.813964128494263,
            4.325015068054199,
            4.651163101196289,
            4.117778062820435,
            4.49718713760376,
            5.583864212036133,
            3.961897850036621
      ],
      "score_time": [
            0.6853878498077393,
            0.6830129623413086,
            0.6806762218475342,
            0.7091197967529297,
            0.7291359901428223,
            1.0160109996795654,
            0.615426778793335,
            0.7405009269714355,
            0.5756359100341797,
            0.693317174911499,
            0.6671578884124756,
            0.6923010349273682,
            0.6516890525817871,
            0.6032328605651855,
            0.563040018081665,
            0.5375938415527344,
            0.7623341083526611,
            0.6665430068969727,
            0.6296088695526123,
            0.7651138305664062,
            0.5039310455322266,
            0.6273221969604492,
            0.5551888942718506,
            0.46732187271118164,
            0.3786277770996094,
            0.3201577663421631,
            0.2995009422302246,
            0.32444190979003906,
            0.48746585845947266,
            0.2842979431152344
      ],
      "test_f1_score_macro": [
            0.6798364284835813,
            0.6898474405637729,
            0.6828399122807018,
            0.6865853849404473,
            0.6776058176393809,
            0.7258245877061469,
            0.7106718876250854,
            0.7332901414534068,
            0.7389516317470208,
            0.709207896051974,
            0.7186781609195403,
            0.72818440125811,
            0.6865853849404473,
            0.7053859000357867,
            0.7313131313131312,
            0.6842828585707147,
            0.7459407831900668,
            0.6283490196680537,
            0.7004643127092106,
            0.6610216333236094,
            0.6731638418079097,
            0.7520969391769612,
            0.7373016849096052,
            0.6966292134831461,
            0.6876321104795904,
            0.7066176470588236,
            0.6573982877490718,
            0.6776058176393809,
            0.7541328888552163,
            0.6959619208668013
      ],
      "test_accuracy_score": [
            0.7078651685393258,
            0.7191011235955056,
            0.7078651685393258,
            0.7191011235955056,
            0.706766917293233,
            0.7518796992481203,
            0.7368421052631579,
            0.7556390977443609,
            0.7631578947368421,
            0.7368421052631579,
            0.7528089887640449,
            0.7490636704119851,
            0.7191011235955056,
            0.7228464419475655,
            0.7593984962406015,
            0.7142857142857143,
            0.7706766917293233,
            0.6578947368421053,
            0.7255639097744361,
            0.6879699248120301,
            0.7078651685393258,
            0.7790262172284644,
            0.7602996254681648,
            0.7303370786516854,
            0.7180451127819549,
            0.7293233082706767,
            0.6804511278195489,
            0.706766917293233,
            0.7706766917293233,
            0.7255639097744361
      ],
      "test_recall_score_macro": [
            0.6817701863354038,
            0.6903416149068322,
            0.6869254658385093,
            0.6851863354037266,
            0.6795604395604395,
            0.727032967032967,
            0.712967032967033,
            0.7378021978021978,
            0.7408791208791208,
            0.709207896051974,
            0.7134782608695652,
            0.7338198757763975,
            0.6851863354037266,
            0.7163975155279503,
            0.7301098901098901,
            0.6852747252747253,
            0.7465934065934066,
            0.6318681318681318,
            0.7043956043956043,
            0.6641679160419791,
            0.6714596273291926,
            0.7489440993788821,
            0.7398136645962733,
            0.6937577639751553,
            0.6881318681318681,
            0.7125274725274725,
            0.6648351648351649,
            0.6795604395604395,
            0.7650549450549451,
            0.6954647676161919
      ],
      "test_precision_score_macro": [
            0.6782711988304093,
            0.6893770856507231,
            0.6802095808383233,
            0.6882022471910112,
            0.6760233918128655,
            0.7247187519423208,
            0.7087719298245614,
            0.7300170068027211,
            0.7372587827808016,
            0.709207896051974,
            0.7265655899802241,
            0.7245317905284505,
            0.6882022471910112,
            0.7017371163867979,
            0.7326223576461627,
            0.6833861644601902,
            0.7453148425787106,
            0.6265060240963856,
            0.6977040816326531,
            0.6589548176374523,
            0.6752475876079228,
            0.7559386973180077,
            0.7351973684210527,
            0.7004047282538867,
            0.6871564217891055,
            0.7030903090309031,
            0.6547759433962264,
            0.6760233918128655,
            0.7488797169811321,
            0.6964835164835165
      ],
      "test_auc_score": [
            0.6817701863354036,
            0.6903416149068323,
            0.6869254658385092,
            0.6851863354037268,
            0.6795604395604395,
            0.727032967032967,
            0.7129670329670329,
            0.7378021978021978,
            0.7408791208791208,
            0.709207896051974,
            0.7134782608695652,
            0.7338198757763976,
            0.6851863354037268,
            0.7163975155279503,
            0.7301098901098901,
            0.6852747252747253,
            0.7465934065934065,
            0.6318681318681318,
            0.7043956043956044,
            0.664167916041979,
            0.6714596273291926,
            0.7489440993788821,
            0.7398136645962732,
            0.6937577639751553,
            0.6881318681318682,
            0.7125274725274724,
            0.6648351648351649,
            0.6795604395604395,
            0.7650549450549451,
            0.695464767616192
      ],
      "test_pr_auc_score": [
            0.6546597663247028,
            0.6639003577225523,
            0.6603256798567008,
            0.6588299951148021,
            0.6504626951995373,
            0.7015305011909425,
            0.6859745517640254,
            0.7114971494670743,
            0.7160238977148272,
            0.6853546910755148,
            0.6939076022416307,
            0.708579608571507,
            0.6588299951148021,
            0.6911696347944516,
            0.706554090498502,
            0.6565747495289092,
            0.723077551738879,
            0.601792943898207,
            0.6766297612162273,
            0.6376341050254094,
            0.643725666533434,
            0.7308396363615945,
            0.716052963686696,
            0.669216721009759,
            0.6597304297533131,
            0.684970709332356,
            0.6376327247727446,
            0.6504626951995373,
            0.7376141733142726,
            0.6706597178565141
      ],