{
      "fit_time": [
            3.7962608337402344,
            3.801300048828125,
            4.098482131958008,
            3.36757493019104,
            4.497219800949097,
            4.602938890457153,
            4.32060694694519,
            5.57490086555481,
            3.8959598541259766,
            3.9745101928710938,
            4.175131797790527,
            4.092080116271973,
            3.199810743331909,
            5.4217259883880615,
            4.525012969970703,
            5.829564809799194,
            8.17836594581604,
            4.606084108352661,
            5.010203838348389,
            4.860001087188721,
            4.088771104812622,
            4.6904730796813965,
            3.9397048950195312,
            4.397602796554565,
            4.826645851135254,
            4.455930233001709,
            4.345282793045044,
            4.755261182785034,
            3.9388928413391113,
            3.4867758750915527
      ],
      "score_time": [
            0.4328429698944092,
            0.4244420528411865,
            0.500471830368042,
            0.3388850688934326,
            0.5924079418182373,
            0.6533570289611816,
            0.5498940944671631,
            0.7911210060119629,
            0.45839595794677734,
            0.5949270725250244,
            0.7452490329742432,
            0.6340889930725098,
            0.31908702850341797,
            0.6508800983428955,
            0.5760040283203125,
            0.6463558673858643,
            1.3002841472625732,
            0.48078393936157227,
            0.5474660396575928,
            0.5528008937835693,
            0.4426078796386719,
            0.6498310565948486,
            0.5231733322143555,
            0.5242490768432617,
            0.43129515647888184,
            0.3756387233734131,
            0.28731322288513184,
            0.3242020606994629,
            0.26197099685668945,
            0.2262570858001709
      ],
      "test_f1_score_macro": [
            0.559009009009009,
            0.5852342408633799,
            0.646249490419894,
            0.5674612358250405,
            0.5783694378718613,
            0.612166918049271,
            0.580885961513625,
            0.5869456507435189,
            0.5524114231544022,
            0.5678516819571865,
            0.5710586260640211,
            0.6076990890390832,
            0.5750795731136491,
            0.5582544059465292,
            0.5479747381236209,
            0.5617559523809524,
            0.6009474930911962,
            0.6051392301392302,
            0.6025669287481323,
            0.6424277779186851,
            0.5761904761904761,
            0.5929077316545348,
            0.5990990990990992,
            0.5752808988764045,
            0.5396616298592277,
            0.5747202106649111,
            0.6019479037208004,
            0.62074818385498,
            0.6209237991449409,
            0.5502415458937199
      ],
      "test_accuracy_score": [
            0.7528089887640449,
            0.7865168539325843,
            0.8052434456928839,
            0.7640449438202247,
            0.7406015037593985,
            0.7819548872180451,
            0.7706766917293233,
            0.7781954887218046,
            0.7330827067669173,
            0.7443609022556391,
            0.7490636704119851,
            0.7940074906367042,
            0.7453183520599251,
            0.7415730337078652,
            0.7481203007518797,
            0.7669172932330827,
            0.7857142857142857,
            0.7819548872180451,
            0.7706766917293233,
            0.8007518796992481,
            0.7752808988764045,
            0.7677902621722846,
            0.7752808988764045,
            0.7640449438202247,
            0.7481203007518797,
            0.7443609022556391,
            0.7781954887218046,
            0.7631578947368421,
            0.8082706766917294,
            0.7894736842105263
      ],
      "test_recall_score_macro": [
            0.630495867768595,
            0.6490909090909092,
            0.7670247933884298,
            0.6366942148760331,
            0.7073002754820936,
            0.7183402489626556,
            0.6583402489626555,
            0.6624896265560166,
            0.6375933609958506,
            0.6617427385892116,
            0.664297520661157,
            0.6890909090909092,
            0.6801652892561983,
            0.6422314049586777,
            0.6175964187327824,
            0.6204149377593361,
            0.6845643153526971,
            0.700414937759336,
            0.7121161825726141,
            0.7645643153526971,
            0.6428925619834711,
            0.6925619834710743,
            0.6966942148760331,
            0.6546280991735538,
            0.5988292011019284,
            0.6796680497925311,
            0.6983402489626556,
            0.7796680497925311,
            0.6970124481327802,
            0.5790871369294606
      ],
      "test_precision_score_macro": [
            0.5601294744859102,
            0.5763371699390657,
            0.6257002801120448,
            0.5650668764752164,
            0.5827320827320828,
            0.6006888633754306,
            0.575426944971537,
            0.5792071197411004,
            0.5593499427262314,
            0.5703864210906464,
            0.5720812182741117,
            0.5943738656987295,
            0.5769665301511085,
            0.5624002900652647,
            0.5522770761576732,
            0.559403913862278,
            0.5899676375404531,
            0.5944170771756978,
            0.5949197860962567,
            0.6232982673267327,
            0.5704449152542372,
            0.5869402985074627,
            0.5906321401370906,
            0.5720058497536946,
            0.5448823207443897,
            0.5768329902761019,
            0.5924350247524752,
            0.6149072558647026,
            0.6036862334032145,
            0.5462935975905955
      ],
      "test_auc_score": [
            0.6304958677685949,
            0.6490909090909089,
            0.7670247933884298,
            0.6366942148760331,
            0.7073002754820937,
            0.7183402489626557,
            0.6583402489626556,
            0.6624896265560166,
            0.6375933609958506,
            0.6617427385892116,
            0.664297520661157,
            0.6890909090909091,
            0.6801652892561985,
            0.6422314049586777,
            0.6175964187327824,
            0.6204149377593361,
            0.684564315352697,
            0.7004149377593362,
            0.7121161825726142,
            0.7645643153526971,
            0.642892561983471,
            0.6925619834710746,
            0.6966942148760331,
            0.6546280991735538,
            0.5988292011019283,
            0.6796680497925311,
            0.6983402489626557,
            0.7796680497925311,
            0.6970124481327802,
            0.5790871369294606
      ],
      "test_pr_auc_score": [
            0.3566522615960818,
            0.3714874264312466,
            0.5159657570893526,
            0.3611187628367766,
            0.45226703121439965,
            0.4599942163100058,
            0.38739510065486293,
            0.39088972431077695,
            0.3728341687552214,
            0.39926824102509795,
            0.4005992509363296,
            0.4212889061087435,
            0.42146631778769683,
            0.37532905296950236,
            0.3382181415076152,
            0.33953612845673503,
            0.41734335839599,
            0.43784461152882204,
            0.45456435205661216,
            0.5137828947368421,
            0.36603948454262675,
            0.4306668902677623,
            0.434111207144915,
            0.38403441011235956,
            0.31401420217209686,
            0.4215367185086002,
            0.435984492481203,
            0.5376036244457297,
            0.43030632135895297,
            0.2770612701967685
      ],