{
      "fit_time": [
            5.8796610832214355,
            5.569192886352539,
            5.805896997451782,
            6.4004600048065186,
            5.518876075744629,
            5.437225103378296,
            5.859526872634888,
            5.522210121154785,
            5.8644208908081055,
            6.036343097686768,
            6.060703992843628,
            6.647212982177734,
            6.133997917175293,
            5.309378147125244,
            6.041283130645752,
            6.4924139976501465,
            5.8219850063323975,
            5.803550958633423,
            6.841192960739136,
            5.765336036682129,
            6.102931261062622,
            6.368303060531616,
            9.382445812225342,
            6.653355121612549,
            5.887853145599365,
            5.60460901260376,
            7.223889112472534,
            5.361890077590942,
            4.39490008354187,
            4.734376907348633
      ],
      "score_time": [
            1.0819990634918213,
            1.081934928894043,
            1.0940380096435547,
            1.21317720413208,
            1.1283109188079834,
            1.0461719036102295,
            1.09678316116333,
            1.046003818511963,
            1.1489272117614746,
            1.227391004562378,
            1.149897813796997,
            1.4291141033172607,
            1.2128291130065918,
            1.004580020904541,
            1.4544780254364014,
            1.4943139553070068,
            1.2377500534057617,
            1.2425470352172852,
            1.6487290859222412,
            1.2254948616027832,
            1.5464529991149902,
            1.589797019958496,
            1.457869052886963,
            1.2977287769317627,
            0.8972988128662109,
            0.8629989624023438,
            0.7587957382202148,
            0.6814789772033691,
            0.7429442405700684,
            0.6659977436065674
      ],
      "test_f1_score_macro": [
            0.6744383683121489,
            0.6097125223323047,
            0.6416370957362703,
            0.6130434782608695,
            0.6984126984126984,
            0.6706643259724661,
            0.6607142857142857,
            0.6708610154004302,
            0.5816944959802102,
            0.644385026737968,
            0.6911567164179104,
            0.6711822660098523,
            0.6873078612209047,
            0.6510332809273957,
            0.6340852130325814,
            0.6131578947368421,
            0.6116788321167883,
            0.6413265306122449,
            0.6845351043643263,
            0.6313406634020142,
            0.6308033261985491,
            0.6514048611235312,
            0.7016081677495123,
            0.6500929095354523,
            0.633524684270953,
            0.6817286036036035,
            0.6477598764069742,
            0.6277637839350685,
            0.6286212914485165,
            0.6541353383458647
      ],
      "test_accuracy_score": [
            0.7528089887640449,
            0.6966292134831461,
            0.7265917602996255,
            0.7303370786516854,
            0.7819548872180451,
            0.7481203007518797,
            0.7368421052631579,
            0.7556390977443609,
            0.6654135338345865,
            0.7293233082706767,
            0.7677902621722846,
            0.7602996254681648,
            0.7602996254681648,
            0.7415730337078652,
            0.7255639097744361,
            0.6842105263157895,
            0.7030075187969925,
            0.7218045112781954,
            0.7744360902255639,
            0.7180451127819549,
            0.7265917602996255,
            0.7265917602996255,
            0.7790262172284644,
            0.7490636704119851,
            0.7293233082706767,
            0.7443609022556391,
            0.7293233082706767,
            0.7180451127819549,
            0.6992481203007519,
            0.7406015037593985
      ],
      "test_recall_score_macro": [
            0.72739651416122,
            0.6552287581699346,
            0.6844364937388193,
            0.6284436493738819,
            0.7379844961240309,
            0.7245326037391702,
            0.7175558595531235,
            0.7142270861833105,
            0.6284997720018239,
            0.69046967624259,
            0.744144880174292,
            0.7095588235294117,
            0.7418157423971378,
            0.6864490161001788,
            0.673187414500684,
            0.6775193798449612,
            0.6517555859553124,
            0.693296853625171,
            0.7183766529867761,
            0.676014591883265,
            0.6662581699346405,
            0.7111928104575164,
            0.7461538461538462,
            0.676520572450805,
            0.6680346557227542,
            0.7595987232102144,
            0.6979480164158687,
            0.6685362517099863,
            0.6943000455996352,
            0.6974464204286366
      ],
      "test_precision_score_macro": [
            0.6619263089851325,
            0.6073446327683616,
            0.6332902391725921,
            0.6061188294413242,
            0.6821640488656195,
            0.6590439276485788,
            0.6514314733701517,
            0.6578629032258064,
            0.5863357843137255,
            0.6357491062723433,
            0.6761066003143007,
            0.6577922077922078,
            0.6736798149813696,
            0.6403514678157824,
            0.6258616118769884,
            0.6168016801680168,
            0.6074935400516795,
            0.6345458007998477,
            0.6699552842643197,
            0.6246770025839793,
            0.6224264705882353,
            0.6445031055900621,
            0.6852949097764611,
            0.6393517864708375,
            0.6247207743857036,
            0.6736411883120844,
            0.6393758428048546,
            0.6208791208791209,
            0.6288634851509103,
            0.6434915164369035
      ],
      "test_auc_score": [
            0.7273965141612201,
            0.6552287581699348,
            0.6844364937388193,
            0.628443649373882,
            0.7379844961240309,
            0.7245326037391701,
            0.7175558595531235,
            0.7142270861833105,
            0.6284997720018239,
            0.69046967624259,
            0.744144880174292,
            0.7095588235294117,
            0.7418157423971379,
            0.6864490161001789,
            0.6731874145006842,
            0.6775193798449611,
            0.6517555859553124,
            0.6932968536251709,
            0.7183766529867761,
            0.676014591883265,
            0.6662581699346405,
            0.7111928104575164,
            0.7461538461538462,
            0.676520572450805,
            0.6680346557227542,
            0.7595987232102144,
            0.6979480164158686,
            0.6685362517099864,
            0.6943000455996352,
            0.6974464204286366
      ],
      "test_pr_auc_score": [
            0.5789821546596167,
            0.5001101564221194,
            0.5333807853305541,
            0.45967427593336385,
            0.5919548872180451,
            0.5767008149649089,
            0.5698416563550317,
            0.5636139982308713,
            0.47670877561550934,
            0.5376750700280112,
            0.5978985339905558,
            0.5570982223328556,
            0.5989753974794476,
            0.5336052974191219,
            0.5165181605376424,
            0.5336050522345468,
            0.4942717601116334,
            0.5427572566578376,
            0.5686178581021449,
            0.5217481117293918,
            0.5067622273628553,
            0.563317193022788,
            0.6039644942361483,
            0.5205474518811444,
            0.509211412746311,
            0.6190191214847305,
            0.5470191706446644,
            0.5121627598407784,
            0.5499801196395624,
            0.5445617271298763
      ],