{
      "fit_time": [
            7.195573806762695,
            7.291817903518677,
            6.702677965164185,
            6.774704217910767,
            6.952095985412598,
            6.637617111206055,
            6.896066904067993,
            6.1224260330200195,
            8.314972162246704,
            7.984137058258057,
            8.963539123535156,
            7.855646133422852,
            7.832106113433838,
            7.518155813217163,
            7.390893936157227,
            8.42984676361084,
            6.056584358215332,
            6.543941974639893,
            7.009318828582764,
            7.287391901016235,
            5.753818988800049,
            5.948325157165527,
            6.283085823059082,
            6.478899002075195,
            5.302410840988159,
            6.7120959758758545,
            6.348915100097656,
            6.455420970916748,
            7.416928052902222,
            5.516501188278198
      ],
      "score_time": [
            1.1204311847686768,
            1.2973911762237549,
            0.712244987487793,
            0.9278850555419922,
            1.0428507328033447,
            0.6564271450042725,
            0.9489660263061523,
            0.7746939659118652,
            0.6612522602081299,
            0.6175680160522461,
            1.0936670303344727,
            0.7639341354370117,
            0.7207291126251221,
            0.6699550151824951,
            0.6759870052337646,
            1.2425520420074463,
            0.5837187767028809,
            0.7357611656188965,
            0.7340741157531738,
            1.1692559719085693,
            0.49904608726501465,
            0.6557440757751465,
            0.9443142414093018,
            1.1476118564605713,
            0.47724390029907227,
            0.6747570037841797,
            0.6206669807434082,
            0.5586960315704346,
            0.5416193008422852,
            0.3839848041534424
      ],
      "test_f1_score_macro": [
            0.6889210563479735,
            0.731280193236715,
            0.7011599511599511,
            0.6828472653133587,
            0.6834898493419006,
            0.7013632718524458,
            0.6857817869415808,
            0.6960526315789474,
            0.6804804804804805,
            0.6737510754754975,
            0.6873078612209047,
            0.7195770900434113,
            0.6544455278787342,
            0.6547308988252436,
            0.6381729667812142,
            0.7118093174431203,
            0.6188351381255555,
            0.7545602952658101,
            0.7714776632302406,
            0.6902191861778868,
            0.6417878830673633,
            0.6747980031907777,
            0.6998912255257432,
            0.6677646025472113,
            0.6918827408001426,
            0.6542632204396911,
            0.7038961038961038,
            0.755683122847302,
            0.7328947368421053,
            0.7468793730758466
      ],
      "test_accuracy_score": [
            0.7528089887640449,
            0.8127340823970037,
            0.7528089887640449,
            0.7490636704119851,
            0.7556390977443609,
            0.7631578947368421,
            0.7518796992481203,
            0.7518796992481203,
            0.7293233082706767,
            0.7481203007518797,
            0.7602996254681648,
            0.7752808988764045,
            0.7265917602996255,
            0.7340823970037453,
            0.7142857142857143,
            0.7744360902255639,
            0.7030075187969925,
            0.8045112781954887,
            0.8195488721804511,
            0.7481203007518797,
            0.7153558052434457,
            0.7340823970037453,
            0.7677902621722846,
            0.7453183520599251,
            0.7556390977443609,
            0.7368421052631579,
            0.7631578947368421,
            0.8195488721804511,
            0.7819548872180451,
            0.8082706766917294
      ],
      "test_recall_score_macro": [
            0.7062071591774562,
            0.7197258187357197,
            0.7322924600152323,
            0.6985148514851485,
            0.695003094059406,
            0.721302599009901,
            0.7032023514851485,
            0.7213164944508228,
            0.7168006123230004,
            0.6823957137389973,
            0.6955064737242955,
            0.741926884996192,
            0.668012185833968,
            0.6625285605483626,
            0.6517636138613861,
            0.7287283415841583,
            0.6283261138613861,
            0.7769613471106008,
            0.7921163413700727,
            0.7136241867585151,
            0.6553693830921554,
            0.699047981721249,
            0.7108910891089109,
            0.6751713632901752,
            0.7110148514851485,
            0.6612778465346535,
            0.7266398514851485,
            0.755683122847302,
            0.7620359739762725,
            0.7534251817833908
      ],
      "test_precision_score_macro": [
            0.6797092791716448,
            0.7474271012006861,
            0.6904345654345654,
            0.6742312834224599,
            0.6759860383944154,
            0.6909242575909242,
            0.6765456989247312,
            0.6856739228151287,
            0.6727871652534618,
            0.6677224099099099,
            0.6812597090806383,
            0.7079950235725512,
            0.6474598930481283,
            0.6494188489007142,
            0.6318548387096774,
            0.7016503000545553,
            0.613997113997114,
            0.7414748081414748,
            0.7583429228998849,
            0.680297157622739,
            0.6354042214257268,
            0.6659154393092941,
            0.6922916666666667,
            0.6624064397683943,
            0.6820487153820487,
            0.6492697594501718,
            0.6929027585752847,
            0.755683122847302,
            0.7198356129197971,
            0.741326530612245
      ],
      "test_auc_score": [
            0.7062071591774562,
            0.7197258187357197,
            0.7322924600152323,
            0.6985148514851487,
            0.695003094059406,
            0.721302599009901,
            0.7032023514851485,
            0.7213164944508227,
            0.7168006123230005,
            0.6823957137389973,
            0.6955064737242955,
            0.741926884996192,
            0.668012185833968,
            0.6625285605483626,
            0.6517636138613861,
            0.7287283415841584,
            0.6283261138613861,
            0.7769613471106009,
            0.7921163413700727,
            0.7136241867585151,
            0.6553693830921553,
            0.699047981721249,
            0.7108910891089111,
            0.6751713632901751,
            0.7110148514851485,
            0.6612778465346535,
            0.7266398514851485,
            0.7556831228473019,
            0.7620359739762725,
            0.7534251817833907
      ],
      "test_pr_auc_score": [
            0.6014223673399703,
            0.6435923626934863,
            0.6308597769271928,
            0.592439138576779,
            0.5864810463659148,
            0.6166320024598534,
            0.5954299812030075,
            0.6192490510094866,
            0.6157065940028502,
            0.5746775983618089,
            0.5904744990784702,
            0.6428476221220231,
            0.5562301930279459,
            0.5493206257251201,
            0.534515977443609,
            0.6263660955272796,
            0.5055162764866712,
            0.6854965047947503,
            0.7049831248032449,
            0.6104960522953179,
            0.5414599272277174,
            0.5932829810638799,
            0.608689138576779,
            0.5651365719089283,
            0.6045263622018008,
            0.545249843358396,
            0.6224904316514177,
            0.675882012724118,
            0.6654879905333627,
            0.6663100057836899
      ],