{
      "fit_time": [
            3.8464529514312744,
            3.8661649227142334,
            4.070656061172485,
            3.3688318729400635,
            3.621958017349243,
            4.558926820755005,
            4.791267156600952,
            4.503496885299683,
            4.080862998962402,
            8.507708072662354,
            4.61683988571167,
            5.040081024169922,
            6.0471391677856445,
            4.559629917144775,
            6.36064887046814,
            5.4288811683654785,
            5.155335903167725,
            5.0675060749053955,
            4.765330076217651,
            8.681868076324463,
            6.407499074935913,
            4.989798069000244,
            5.419478178024292,
            5.128147125244141,
            5.566798210144043,
            4.225131988525391,
            5.156169891357422,
            5.6130149364471436,
            3.2436490058898926,
            2.8824121952056885
      ],
      "score_time": [
            0.5277180671691895,
            0.5310890674591064,
            0.6142008304595947,
            0.39462828636169434,
            0.45621705055236816,
            0.7786221504211426,
            0.7448689937591553,
            0.6673111915588379,
            0.41042304039001465,
            1.2046170234680176,
            0.8012449741363525,
            0.8760559558868408,
            0.6028866767883301,
            0.595736026763916,
            0.715778112411499,
            0.5099339485168457,
            0.6186890602111816,
            0.7153458595275879,
            0.6555991172790527,
            0.9854879379272461,
            0.9606750011444092,
            0.6875159740447998,
            0.7161357402801514,
            0.4932880401611328,
            0.4886949062347412,
            0.4103679656982422,
            0.3547327518463135,
            0.41287779808044434,
            0.23334813117980957,
            0.19759583473205566
      ],
      "test_f1_score_macro": [
            0.5505050505050505,
            0.5357867284844973,
            0.5255604155276107,
            0.501270173341303,
            0.5093105008527374,
            0.5463436705997007,
            0.49482208764826024,
            0.5381944444444444,
            0.5259569192623587,
            0.5737179487179487,
            0.49917245945051303,
            0.4965323276550865,
            0.5496410779429647,
            0.5007708709201246,
            0.5070693205216197,
            0.5010504201680671,
            0.6247302904564315,
            0.5848614904408895,
            0.5042620146038923,
            0.5742761530627091,
            0.5217353313818865,
            0.5883549286534361,
            0.5903300624442462,
            0.4630544702367272,
            0.5304124538597337,
            0.4922821576763486,
            0.5463436705997007,
            0.475443703634144,
            0.5355625102948445,
            0.5138854050954957
      ],
      "test_accuracy_score": [
            0.8052434456928839,
            0.8202247191011236,
            0.8052434456928839,
            0.8127340823970037,
            0.8007518796992481,
            0.8157894736842105,
            0.8007518796992481,
            0.8045112781954887,
            0.8270676691729323,
            0.8195488721804511,
            0.8089887640449438,
            0.7790262172284644,
            0.8389513108614233,
            0.7865168539325843,
            0.7969924812030075,
            0.8120300751879699,
            0.8721804511278195,
            0.8195488721804511,
            0.7706766917293233,
            0.8345864661654135,
            0.846441947565543,
            0.8239700374531835,
            0.8389513108614233,
            0.7378277153558053,
            0.793233082706767,
            0.8270676691729323,
            0.8157894736842105,
            0.7631578947368421,
            0.8007518796992481,
            0.8082706766917294
      ],
      "test_recall_score_macro": [
            0.678679588128407,
            0.6135675348273774,
            0.6056935190793459,
            0.5366444579043004,
            0.5780839895013123,
            0.6653543307086613,
            0.5383858267716535,
            0.6594488188976377,
            0.5807236242018851,
            0.7227120705381576,
            0.5346759539672925,
            0.5554209569957602,
            0.6234100545124167,
            0.559357964869776,
            0.5761154855643045,
            0.5442913385826771,
            0.7742782152230971,
            0.7864173228346456,
            0.5875646093037398,
            0.6941319550015201,
            0.5543609933373713,
            0.7615081768625076,
            0.7328891580860085,
            0.49727437916414297,
            0.6535433070866141,
            0.5124671916010499,
            0.6653543307086613,
            0.5187007874015748,
            0.6398601398601399,
            0.5708422012769838
      ],
      "test_precision_score_macro": [
            0.5520190442602716,
            0.5375375375375375,
            0.5326717843100544,
            0.512562292358804,
            0.52238314680711,
            0.5473996050032917,
            0.5113669484115418,
            0.5436736161035226,
            0.5287804878048781,
            0.5668034655722753,
            0.511669384427232,
            0.5159102764736567,
            0.5448788546255506,
            0.5175313059033989,
            0.5214814814814814,
            0.5138206388206388,
            0.5964912280701754,
            0.5762578616352201,
            0.5238726790450928,
            0.5642031171442936,
            0.5226584195910123,
            0.5772361359570661,
            0.5756443045445603,
            0.4992997198879552,
            0.5403274450667815,
            0.5043859649122807,
            0.5473996050032917,
            0.5047846889952153,
            0.5413371675053918,
            0.5230237154150198
      ],
      "test_auc_score": [
            0.6786795881284069,
            0.6135675348273774,
            0.6056935190793458,
            0.5366444579043005,
            0.5780839895013122,
            0.6653543307086615,
            0.5383858267716535,
            0.6594488188976378,
            0.5807236242018851,
            0.7227120705381574,
            0.5346759539672926,
            0.5554209569957602,
            0.6234100545124167,
            0.559357964869776,
            0.5761154855643045,
            0.5442913385826772,
            0.774278215223097,
            0.7864173228346456,
            0.5875646093037398,
            0.6941319550015201,
            0.5543609933373713,
            0.7615081768625075,
            0.7328891580860085,
            0.49727437916414297,
            0.6535433070866142,
            0.5124671916010499,
            0.6653543307086615,
            0.5187007874015748,
            0.6398601398601399,
            0.5708422012769839
      ],
      "test_pr_auc_score": [
            0.3465044601360056,
            0.2628445212714876,
            0.25830937387919733,
            0.16899492807514754,
            0.22252058718224133,
            0.32250268528464016,
            0.173832186850104,
            0.3189705031810295,
            0.2195439348841146,
            0.39552217648192883,
            0.1682021162358241,
            0.20773712346746054,
            0.269788965715932,
            0.209161624891962,
            0.22170426065162907,
            0.17600820232399178,
            0.44611528822055135,
            0.46397243107769426,
            0.2504487345685168,
            0.3582867424972688,
            0.17822885420373852,
            0.4401829443964275,
            0.4040121253115879,
            0.15792073095443884,
            0.31582365003417634,
            0.12844611528822053,
            0.32250268528464016,
            0.1682330827067669,
            0.3016194331983806,
            0.21424170794880176
      ],