{
      "fit_time": [
            3.9450950622558594,
            5.553463935852051,
            4.946721076965332,
            4.517966032028198,
            5.226472854614258,
            4.776051998138428,
            4.881505012512207,
            5.013531923294067,
            5.796035051345825,
            5.080661058425903,
            6.064676284790039,
            5.7342689037323,
            5.481805801391602,
            5.929602146148682,
            6.129116773605347,
            4.587685823440552,
            4.47279691696167,
            5.729295015335083,
            5.758162021636963,
            5.374075174331665,
            6.011273145675659,
            6.04338812828064,
            5.371293306350708,
            5.677043914794922,
            4.7011590003967285,
            4.295691013336182,
            4.328281879425049,
            3.3326690196990967,
            3.722264051437378,
            4.127778053283691
      ],
      "score_time": [
            0.49591612815856934,
            1.2767529487609863,
            0.7358670234680176,
            0.628669023513794,
            0.8882288932800293,
            0.6435530185699463,
            0.669670820236206,
            0.7206261157989502,
            0.5582170486450195,
            0.41488194465637207,
            0.7169408798217773,
            0.6188869476318359,
            0.5729641914367676,
            0.8429450988769531,
            0.8922891616821289,
            0.48775219917297363,
            0.45661306381225586,
            0.703315019607544,
            0.6563148498535156,
            0.5993027687072754,
            0.7052228450775146,
            0.7299900054931641,
            0.6066129207611084,
            0.6258950233459473,
            0.5104789733886719,
            0.3548717498779297,
            0.34949803352355957,
            0.2723050117492676,
            0.29810285568237305,
            0.35047197341918945
      ],
      "test_f1_score_macro": [
            0.6634453781512606,
            0.672142572680207,
            0.6075453209211171,
            0.669984387197502,
            0.6627293960627294,
            0.6834727044517255,
            0.7145202020202019,
            0.7008166658516308,
            0.7425313756049543,
            0.6944959802102659,
            0.7516877927803804,
            0.6765649554740701,
            0.6964597377227675,
            0.6946015175680247,
            0.6607142857142858,
            0.6821059431524548,
            0.7144744447196764,
            0.6474019088016967,
            0.6768236380424746,
            0.7293531308741615,
            0.6853064431639602,
            0.7041820316504888,
            0.6974131559497413,
            0.6667098970576315,
            0.7199138196368113,
            0.6603677221654749,
            0.7042124542124542,
            0.6627293960627294,
            0.6413612094846028,
            0.7018297204545846
      ],
      "test_accuracy_score": [
            0.7078651685393258,
            0.7228464419475655,
            0.6741573033707865,
            0.7153558052434457,
            0.7142857142857143,
            0.7255639097744361,
            0.7443609022556391,
            0.7406015037593985,
            0.7781954887218046,
            0.7556390977443609,
            0.797752808988764,
            0.7228464419475655,
            0.7340823970037453,
            0.7340823970037453,
            0.706766917293233,
            0.7218045112781954,
            0.7556390977443609,
            0.6992481203007519,
            0.7180451127819549,
            0.7781954887218046,
            0.7303370786516854,
            0.7490636704119851,
            0.7415730337078652,
            0.7116104868913857,
            0.7556390977443609,
            0.6992481203007519,
            0.7443609022556391,
            0.7142857142857143,
            0.7180451127819549,
            0.7556390977443609
      ],
      "test_recall_score_macro": [
            0.6750170881749828,
            0.6778195488721804,
            0.6088516746411483,
            0.6802802460697197,
            0.6681096681096681,
            0.6952861952861953,
            0.7392977392977393,
            0.7135642135642135,
            0.7554112554112554,
            0.6895141895141894,
            0.7497607655502392,
            0.6855434039644566,
            0.7127477785372522,
            0.7088858509911141,
            0.6705146705146705,
            0.6964886964886965,
            0.7241462241462242,
            0.6536796536796536,
            0.6899951899951899,
            0.7284752284752285,
            0.6946684894053314,
            0.7116883116883117,
            0.7064251537935748,
            0.6776486671223514,
            0.7356902356902357,
            0.6767676767676767,
            0.7162097162097162,
            0.6681096681096681,
            0.6361231361231361,
            0.701058201058201
      ],
      "test_precision_score_macro": [
            0.6582313681868743,
            0.6681641887524241,
            0.6064505347593583,
            0.6646790709290709,
            0.6590185245368866,
            0.677536231884058,
            0.7074274822800644,
            0.6941529235382309,
            0.7346590909090909,
            0.7010204081632654,
            0.7537499999999999,
            0.6713483146067416,
            0.6896016081871346,
            0.6879227647275858,
            0.6558241758241758,
            0.6760233918128655,
            0.7082482124616956,
            0.643613947216336,
            0.6710168233547749,
            0.7302631578947368,
            0.6797752808988764,
            0.6989592702042914,
            0.6917216861350939,
            0.6614285714285715,
            0.7121474517565561,
            0.6555978951188532,
            0.6975824175824177,
            0.6590185245368866,
            0.6500757575757576,
            0.7026315789473685
      ],
      "test_auc_score": [
            0.6750170881749828,
            0.6778195488721804,
            0.6088516746411483,
            0.6802802460697197,
            0.6681096681096681,
            0.6952861952861953,
            0.7392977392977393,
            0.7135642135642136,
            0.7554112554112555,
            0.6895141895141894,
            0.7497607655502392,
            0.6855434039644566,
            0.7127477785372524,
            0.7088858509911141,
            0.6705146705146705,
            0.6964886964886964,
            0.7241462241462241,
            0.6536796536796536,
            0.6899951899951899,
            0.7284752284752284,
            0.6946684894053315,
            0.7116883116883117,
            0.7064251537935748,
            0.6776486671223514,
            0.7356902356902356,
            0.6767676767676768,
            0.7162097162097162,
            0.6681096681096681,
            0.6361231361231361,
            0.701058201058201
      ],
      "test_pr_auc_score": [
            0.6040655611152168,
            0.6063355679350392,
            0.5246744126659857,
            0.6095009859054803,
            0.5960717301274576,
            0.6270691551011918,
            0.6749547080410647,
            0.6471663348093554,
            0.6938824333561177,
            0.62676008202324,
            0.6972829417773238,
            0.6151806994503624,
            0.6454829697456101,
            0.6411945692366443,
            0.5996109154003891,
            0.6287081339712919,
            0.659518113465482,
            0.5798960567563108,
            0.6215187388199706,
            0.6707963089542037,
            0.6254195242959287,
            0.645065195235041,
            0.6387227005204533,
            0.6067537331582276,
            0.6711835197277527,
            0.6086238323080428,
            0.6501524790998475,
            0.5960717301274576,
            0.5591820460241512,
            0.637218045112782
      ],