{
      "fit_time": [
            27.781954765319824,
            27.982805967330933,
            27.79112482070923,
            27.729334831237793,
            28.000070095062256,
            27.734529972076416,
            27.791640996932983,
            28.03112506866455,
            7.311794996261597,
            6.942617893218994,
            7.54328989982605,
            7.357043027877808,
            7.059644937515259,
            7.515675783157349,
            7.9359540939331055,
            6.5773539543151855,
            6.072453260421753,
            6.58655309677124,
            6.685673952102661,
            6.38369607925415,
            6.849514961242676,
            6.907152891159058,
            6.414057016372681,
            6.60794997215271,
            5.292868137359619,
            5.0147271156311035,
            5.249442100524902,
            4.494394063949585,
            4.563847780227661,
            4.747304916381836
      ],
      "score_time": [
            0.3468821048736572,
            0.7263658046722412,
            0.5482029914855957,
            0.4555652141571045,
            0.6145448684692383,
            0.5080392360687256,
            0.5499610900878906,
            0.6261897087097168,
            0.35441088676452637,
            0.21627116203308105,
            0.4793078899383545,
            0.3761909008026123,
            0.314835786819458,
            0.5155441761016846,
            0.6822109222412109,
            0.24531888961791992,
            0.20258092880249023,
            0.38138294219970703,
            0.39075517654418945,
            0.3186960220336914,
            0.4780752658843994,
            0.5002601146697998,
            0.4256272315979004,
            0.5495879650115967,
            0.33019495010375977,
            0.28855085372924805,
            0.3734269142150879,
            0.18636703491210938,
            0.3012862205505371,
            0.39970993995666504
      ],
      "test_f1_score_macro": [
            0.7130862398688643,
            0.6745917161982262,
            0.6289859780195983,
            0.6911567164179104,
            0.6706643259724661,
            0.6240601503759399,
            0.7346320581886778,
            0.7052201808107319,
            0.7206930173254331,
            0.7155633323612327,
            0.7262280175666003,
            0.7026085081920093,
            0.6386227058632451,
            0.7273739905318852,
            0.6469501990882336,
            0.6801020408163265,
            0.7071741766955872,
            0.7071741766955872,
            0.6884803747604513,
            0.7012430755173136,
            0.6811940298507464,
            0.6813782130206656,
            0.7278092751238532,
            0.68430387230269,
            0.738030303030303,
            0.6925966052726615,
            0.7012430755173136,
            0.6496904176904177,
            0.7016553217821783,
            0.6880354622617131
      ],
      "test_accuracy_score": [
            0.7790262172284644,
            0.7565543071161048,
            0.7116104868913857,
            0.7677902621722846,
            0.7481203007518797,
            0.7180451127819549,
            0.793233082706767,
            0.7857142857142857,
            0.7894736842105263,
            0.793233082706767,
            0.8014981273408239,
            0.7677902621722846,
            0.7191011235955056,
            0.7940074906367042,
            0.7406015037593985,
            0.7518796992481203,
            0.7781954887218046,
            0.7781954887218046,
            0.7518796992481203,
            0.7781954887218046,
            0.7602996254681648,
            0.7640449438202247,
            0.7865168539325843,
            0.7602996254681648,
            0.8045112781954887,
            0.7593984962406015,
            0.7781954887218046,
            0.7481203007518797,
            0.7819548872180451,
            0.7781954887218046
      ],
      "test_recall_score_macro": [
            0.7018455228981544,
            0.6628844839371155,
            0.6235816814764183,
            0.6785030758714969,
            0.6611351611351611,
            0.6168831168831168,
            0.7236652236652237,
            0.6875901875901875,
            0.7056277056277056,
            0.6967291967291968,
            0.7060492139439508,
            0.6939507860560492,
            0.6327067669172932,
            0.7123718386876281,
            0.6366041366041366,
            0.6714766714766714,
            0.6938431938431938,
            0.6938431938431938,
            0.683020683020683,
            0.6861471861471862,
            0.669377990430622,
            0.6681476418318524,
            0.7186944634313055,
            0.6732399179767601,
            0.7200577200577201,
            0.6844636844636844,
            0.6861471861471862,
            0.638047138047138,
            0.684944684944685,
            0.6707551707551708
      ],
      "test_precision_score_macro": [
            0.7323367427222659,
            0.7016756939742721,
            0.6391625615763548,
            0.7181704260651629,
            0.6897249190938511,
            0.6446428571428572,
            0.7517790841584158,
            0.7527777777777778,
            0.7511961722488039,
            0.7650925925925927,
            0.7778341013824885,
            0.716108149276466,
            0.6494381157635468,
            0.7563108397954132,
            0.6786484543493889,
            0.6951286261631089,
            0.7338362068965517,
            0.7338362068965517,
            0.6959464430221438,
            0.7366352201257862,
            0.7070175438596491,
            0.7138758476786646,
            0.741180461329715,
            0.7065270534550196,
            0.7759586385178803,
            0.7054726368159203,
            0.7366352201257862,
            0.6919915902140672,
            0.7454628362973097,
            0.7455533596837944
      ],
      "test_auc_score": [
            0.7018455228981544,
            0.6628844839371155,
            0.6235816814764185,
            0.6785030758714968,
            0.661135161135161,
            0.6168831168831169,
            0.7236652236652237,
            0.6875901875901876,
            0.7056277056277056,
            0.6967291967291966,
            0.7060492139439508,
            0.6939507860560492,
            0.6327067669172932,
            0.7123718386876282,
            0.6366041366041365,
            0.6714766714766714,
            0.6938431938431938,
            0.6938431938431938,
            0.683020683020683,
            0.6861471861471862,
            0.669377990430622,
            0.6681476418318523,
            0.7186944634313056,
            0.67323991797676,
            0.7200577200577201,
            0.6844636844636844,
            0.6861471861471862,
            0.6380471380471381,
            0.684944684944685,
            0.6707551707551709
      ],
      "test_pr_auc_score": [
            0.6516092944146585,
            0.6048749939199377,
            0.542061870713556,
            0.6263347336676728,
            0.5978867623604466,
            0.5374658236500343,
            0.6790680536568694,
            0.6562200956937798,
            0.6667805878332194,
            0.6708339029391661,
            0.6851661073009387,
            0.636720956945676,
            0.5544952180310326,
            0.6738562354602649,
            0.5716125979283874,
            0.609098503835346,
            0.6476477243264902,
            0.6476477243264902,
            0.6191442043844789,
            0.6441672362724995,
            0.6129419565256349,
            0.6161183801633241,
            0.6686487669633736,
            0.6156300057461741,
            0.6929254955570745,
            0.6246753246753247,
            0.6441672362724995,
            0.5806205855547961,
            0.6493573505957406,
            0.640204760914143
      ],