{
      "fit_time": [
            8.191399812698364,
            7.667904853820801,
            8.282154083251953,
            8.72521710395813,
            6.744004011154175,
            6.698751926422119,
            6.644861936569214,
            6.916385889053345,
            6.57901406288147,
            7.534732103347778,
            7.8738439083099365,
            8.793091773986816,
            7.664149761199951,
            8.175843238830566,
            11.212632179260254,
            10.353583812713623,
            7.521147966384888,
            8.443358898162842,
            9.15506100654602,
            7.752363920211792,
            6.704395055770874,
            6.206566095352173,
            7.2638771533966064,
            6.917787313461304,
            7.208680868148804,
            6.284255027770996,
            6.019538879394531,
            6.019676208496094,
            5.837723016738892,
            5.29322624206543
      ],
      "score_time": [
            0.7214839458465576,
            0.5358660221099854,
            0.7293579578399658,
            0.721916913986206,
            0.3507671356201172,
            0.33769702911376953,
            0.3215470314025879,
            0.37138915061950684,
            0.2582721710205078,
            0.40697169303894043,
            0.4497110843658447,
            0.5969030857086182,
            0.35655808448791504,
            0.5370888710021973,
            0.7183289527893066,
            0.6447100639343262,
            0.25751209259033203,
            0.5252931118011475,
            0.8746840953826904,
            0.5112981796264648,
            0.24425506591796875,
            0.284451961517334,
            0.4779956340789795,
            0.3870530128479004,
            0.4654421806335449,
            0.46151280403137207,
            0.4256000518798828,
            0.3950209617614746,
            0.3720998764038086,
            0.41542696952819824
      ],
      "test_f1_score_macro": [
            0.7556888922223055,
            0.7146596453186711,
            0.7797194929873248,
            0.7053859000357867,
            0.7052631578947368,
            0.7218880218198349,
            0.6955421686746988,
            0.7285378525482434,
            0.7253401360544217,
            0.6862638359644347,
            0.7256498734759604,
            0.7455411844792375,
            0.6838740232062515,
            0.7316582914572864,
            0.698468137254902,
            0.7182665771611845,
            0.6955421686746988,
            0.7313131313131312,
            0.7069733049632547,
            0.7137733142037304,
            0.7178782755705833,
            0.7120507024775075,
            0.6943354754018286,
            0.7064122068414949,
            0.7331516612514412,
            0.7132284382284383,
            0.7095288587842437,
            0.7414965986394557,
            0.7552825261158593,
            0.6316518298714144
      ],
      "test_accuracy_score": [
            0.7715355805243446,
            0.7415730337078652,
            0.7940074906367042,
            0.7228464419475655,
            0.7293233082706767,
            0.7406015037593985,
            0.7142857142857143,
            0.7518796992481203,
            0.7443609022556391,
            0.706766917293233,
            0.7490636704119851,
            0.7640449438202247,
            0.700374531835206,
            0.7490636704119851,
            0.7218045112781954,
            0.7330827067669173,
            0.7142857142857143,
            0.7593984962406015,
            0.7255639097744361,
            0.7293233082706767,
            0.7378277153558053,
            0.7265917602996255,
            0.7191011235955056,
            0.7265917602996255,
            0.7481203007518797,
            0.7218045112781954,
            0.7406015037593985,
            0.7593984962406015,
            0.7669172932330827,
            0.6578947368421053
      ],
      "test_recall_score_macro": [
            0.7519761680037753,
            0.7082940066068901,
            0.7756016989145824,
            0.7033978291647003,
            0.7003205128205128,
            0.7181861348528016,
            0.6931386514719848,
            0.7222815764482431,
            0.721272554605888,
            0.6835232668566001,
            0.7196495988673903,
            0.7406205757432751,
            0.6832527135441246,
            0.7283506370929684,
            0.6941476733143399,
            0.7171771130104463,
            0.6931386514719848,
            0.7232905982905983,
            0.70411918328585,
            0.712369420702754,
            0.7139275601698915,
            0.7116859367626239,
            0.6898890986314299,
            0.7029848985370457,
            0.7312440645773979,
            0.7182454890788224,
            0.7026946818613485,
            0.7370607787274454,
            0.7552825261158594,
            0.6296296296296297
      ],
      "test_precision_score_macro": [
            0.7614137086903305,
            0.73436877737953,
            0.7859241126070992,
            0.7081874169786258,
            0.7180232558139534,
            0.7284790850891913,
            0.6993872549019609,
            0.74496336996337,
            0.7328835582208895,
            0.6912419594260267,
            0.7406916612798966,
            0.7546828171828172,
            0.6845811051693405,
            0.7369033047735618,
            0.7088227783452503,
            0.7195619561956196,
            0.6993872549019609,
            0.7605263157894737,
            0.7116959064327485,
            0.7155421686746988,
            0.725248447204969,
            0.7124378403978215,
            0.7055555555555555,
            0.7126436781609196,
            0.7356499122966189,
            0.7113218390804598,
            0.7383944153577662,
            0.7495002498750625,
            0.7552825261158594,
            0.6371428571428571
      ],
      "test_auc_score": [
            0.7519761680037753,
            0.7082940066068901,
            0.7756016989145824,
            0.7033978291647004,
            0.7003205128205128,
            0.7181861348528016,
            0.6931386514719848,
            0.7222815764482432,
            0.7212725546058879,
            0.6835232668566001,
            0.7196495988673903,
            0.7406205757432751,
            0.6832527135441246,
            0.7283506370929683,
            0.6941476733143399,
            0.7171771130104463,
            0.6931386514719848,
            0.7232905982905983,
            0.70411918328585,
            0.712369420702754,
            0.7139275601698916,
            0.7116859367626238,
            0.68988909863143,
            0.7029848985370458,
            0.7312440645773979,
            0.7182454890788224,
            0.7026946818613484,
            0.7370607787274454,
            0.7552825261158594,
            0.6296296296296297
      ],
      "test_pr_auc_score": [
            0.76043173512866,
            0.7230131673015568,
            0.7850263082078577,
            0.709129286978404,
            0.7112635681332131,
            0.7269662991224961,
            0.6999409581646424,
            0.7371915365336418,
            0.7307063645736414,
            0.6903172415490444,
            0.732617104750284,
            0.7511061036341935,
            0.6884871710136086,
            0.7358371620494625,
            0.7034675850465324,
            0.7233474251126675,
            0.6999409581646424,
            0.7468912666281087,
            0.7115312319259687,
            0.7187362637362638,
            0.72205494594967,
            0.7166464925750953,
            0.6983218092768654,
            0.7100619418035148,
            0.7380265932897512,
            0.7238873875670608,
            0.7231950067476383,
            0.7474319159101768,
            0.7601937536148062,
            0.6334586466165413
      ],