{
      "fit_time": [
            5.251407146453857,
            5.25023889541626,
            5.830368995666504,
            4.930576801300049,
            6.590739011764526,
            6.7125020027160645,
            6.196482181549072,
            14.630815982818604,
            21.120270013809204,
            20.973305225372314,
            21.021888971328735,
            20.236252069473267,
            20.028995275497437,
            19.805805206298828,
            19.37106680870056,
            13.912567853927612,
            8.89746379852295,
            5.752741098403931,
            6.055253028869629,
            6.172356128692627,
            5.514035940170288,
            6.151464939117432,
            5.421086072921753,
            5.486939191818237,
            5.442164897918701,
            5.162586688995361,
            4.983561992645264,
            5.44178581237793,
            5.205367088317871,
            4.577026128768921
      ],
      "score_time": [
            0.2620258331298828,
            0.25255298614501953,
            0.41839599609375,
            0.17799019813537598,
            0.7669508457183838,
            1.0396497249603271,
            0.3813507556915283,
            0.8643531799316406,
            0.3100719451904297,
            0.29526281356811523,
            0.32379603385925293,
            0.3011898994445801,
            0.1920938491821289,
            0.5631139278411865,
            0.4218010902404785,
            0.4743030071258545,
            0.7842013835906982,
            0.2563011646270752,
            0.3193321228027344,
            0.3215949535369873,
            0.21707606315612793,
            0.42282700538635254,
            0.28388118743896484,
            0.333925724029541,
            0.3983471393585205,
            0.33040618896484375,
            0.312298059463501,
            0.4027862548828125,
            0.3517568111419678,
            0.260361909866333
      ],
      "test_f1_score_macro": [
            0.540873015873016,
            0.4744094488188976,
            0.5376771628294748,
            0.5719232989161803,
            0.5903190319031903,
            0.6114209827357238,
            0.6060781662481489,
            0.5718240937479879,
            0.587122736418511,
            0.587122736418511,
            0.5316639448375975,
            0.47233201581027673,
            0.5719232989161803,
            0.5477131564088086,
            0.509920634920635,
            0.6114209827357238,
            0.4732673267326733,
            0.5076437924179064,
            0.5407702523240372,
            0.4732673267326733,
            0.5442130419938546,
            0.5477131564088086,
            0.47337278106508873,
            0.5566561694818208,
            0.5407702523240372,
            0.5718240937479879,
            0.5054448871181939,
            0.6060781662481489,
            0.47430830039525695,
            0.47534516765286
      ],
      "test_accuracy_score": [
            0.9026217228464419,
            0.9026217228464419,
            0.898876404494382,
            0.9063670411985019,
            0.9210526315789473,
            0.9172932330827067,
            0.9135338345864662,
            0.9060150375939849,
            0.8984962406015038,
            0.8984962406015038,
            0.8913857677902621,
            0.8951310861423221,
            0.9063670411985019,
            0.9101123595505618,
            0.9022556390977443,
            0.9172932330827067,
            0.8984962406015038,
            0.8984962406015038,
            0.9022556390977443,
            0.8984962406015038,
            0.9063670411985019,
            0.9101123595505618,
            0.898876404494382,
            0.8913857677902621,
            0.9022556390977443,
            0.9060150375939849,
            0.8947368421052632,
            0.9135338345864662,
            0.9022556390977443,
            0.9060150375939849
      ],
      "test_recall_score_macro": [
            0.533801652892562,
            0.49793388429752067,
            0.5317355371900827,
            0.553801652892562,
            0.5625,
            0.5779253112033195,
            0.575850622406639,
            0.5537759336099586,
            0.567551867219917,
            0.567551867219917,
            0.5276033057851239,
            0.493801652892562,
            0.553801652892562,
            0.5379338842975206,
            0.5146349862258953,
            0.5779253112033195,
            0.495850622406639,
            0.5137759336099585,
            0.5337759336099586,
            0.495850622406639,
            0.5358677685950414,
            0.5379338842975206,
            0.49586776859504134,
            0.5455371900826447,
            0.5334022038567493,
            0.5537759336099586,
            0.511701244813278,
            0.575850622406639,
            0.4979253112033195,
            0.5
      ],
      "test_precision_score_macro": [
            0.6561068702290076,
            0.45300751879699247,
            0.6226053639846744,
            0.7078544061302682,
            0.9600760456273765,
            0.8597701149425288,
            0.7929487179487179,
            0.7076923076923076,
            0.658984375,
            0.658984375,
            0.5805984555984556,
            0.45265151515151514,
            0.7078544061302682,
            0.7897727272727273,
            0.5811068702290076,
            0.8597701149425288,
            0.45265151515151514,
            0.5791984732824427,
            0.6559386973180077,
            0.45265151515151514,
            0.7062737642585551,
            0.7897727272727273,
            0.4528301886792453,
            0.6071984435797665,
            0.6243589743589744,
            0.7076923076923076,
            0.5540229885057472,
            0.7929487179487179,
            0.4528301886792453,
            0.45300751879699247
      ],
      "test_auc_score": [
            0.533801652892562,
            0.49793388429752067,
            0.5317355371900827,
            0.5538016528925621,
            0.5625,
            0.5779253112033195,
            0.575850622406639,
            0.5537759336099586,
            0.567551867219917,
            0.567551867219917,
            0.527603305785124,
            0.493801652892562,
            0.5538016528925621,
            0.5379338842975206,
            0.5146349862258954,
            0.5779253112033195,
            0.495850622406639,
            0.5137759336099585,
            0.5337759336099586,
            0.495850622406639,
            0.5358677685950414,
            0.5379338842975206,
            0.49586776859504134,
            0.5455371900826447,
            0.5334022038567493,
            0.5537759336099586,
            0.5117012448132781,
            0.575850622406639,
            0.4979253112033195,
            0.5
      ],
      "test_pr_auc_score": [
            0.2830711610486891,
            0.04681647940074907,
            0.2497378277153558,
            0.3511985018726592,
            0.6019736842105263,
            0.5194736842105263,
            0.45280701754385966,
            0.35135338345864664,
            0.31947368421052635,
            0.31947368421052635,
            0.20807116104868917,
            0.04681647940074907,
            0.3511985018726592,
            0.4164044943820225,
            0.18906641604010024,
            0.5194736842105263,
            0.046992481203007516,
            0.1901127819548872,
            0.28323308270676695,
            0.046992481203007516,
            0.33307116104868917,
            0.4164044943820225,
            0.04681647940074907,
            0.2511985018726592,
            0.24968671679197993,
            0.35135338345864664,
            0.16511278195488718,
            0.45280701754385966,
            0.046992481203007516,
            0.5469924812030075
      ],