{
      "fit_time": [
            6.86455512046814,
            6.696473121643066,
            6.780328989028931,
            7.900432825088501,
            6.699179172515869,
            6.598663806915283,
            6.975319862365723,
            6.656231880187988,
            6.147064924240112,
            6.3947670459747314,
            6.265360116958618,
            6.887906074523926,
            6.433422088623047,
            5.651118993759155,
            6.345463037490845,
            7.330362796783447,
            6.71055793762207,
            6.726444244384766,
            7.49562406539917,
            6.745836019515991,
            6.95284628868103,
            7.030879974365234,
            9.389882802963257,
            6.938584089279175,
            5.917479991912842,
            5.5694499015808105,
            19.625096082687378,
            11.275902032852173,
            6.548825025558472,
            10.249387979507446
      ],
      "score_time": [
            0.37761688232421875,
            0.33245396614074707,
            0.3707900047302246,
            0.5058281421661377,
            0.36319899559020996,
            0.32227134704589844,
            0.4021909236907959,
            0.34981203079223633,
            0.321026086807251,
            0.38593220710754395,
            0.3471188545227051,
            0.49927401542663574,
            0.3909127712249756,
            0.21728992462158203,
            0.39955711364746094,
            0.5882411003112793,
            0.287883996963501,
            0.3033719062805176,
            0.501417875289917,
            0.28235793113708496,
            0.3953888416290283,
            0.4275178909301758,
            0.7210159301757812,
            0.35636115074157715,
            0.38298606872558594,
            0.2890770435333252,
            0.7216010093688965,
            0.5354580879211426,
            0.40142083168029785,
            0.5378708839416504
      ],
      "test_f1_score_macro": [
            0.6020138107261278,
            0.6750793650793652,
            0.6324339207048458,
            0.5112976521080536,
            0.6395663956639567,
            0.6868960608798007,
            0.7116531165311654,
            0.5447515212981745,
            0.6144927536231884,
            0.6162280701754386,
            0.6235017626321974,
            0.6580001635189273,
            0.6750793650793651,
            0.6471500804412779,
            0.6209237991449409,
            0.7098942349151596,
            0.6776315789473685,
            0.49626063232225964,
            0.5558441558441558,
            0.5368631368631369,
            0.5986652236652237,
            0.5889778325123153,
            0.654876615746181,
            0.6383004926108374,
            0.627972027972028,
            0.6868960608798007,
            0.6469298245614035,
            0.6093979441997063,
            0.6709567048295828,
            0.6626811594202898
      ],
      "test_accuracy_score": [
            0.8164794007490637,
            0.8277153558052435,
            0.8127340823970037,
            0.7827715355805244,
            0.8120300751879699,
            0.8383458646616542,
            0.849624060150376,
            0.7969924812030075,
            0.8195488721804511,
            0.8120300751879699,
            0.8202247191011236,
            0.8239700374531835,
            0.8277153558052435,
            0.8277153558052435,
            0.8082706766917294,
            0.8383458646616542,
            0.8421052631578947,
            0.7781954887218046,
            0.7969924812030075,
            0.7706766917293233,
            0.8127340823970037,
            0.8127340823970037,
            0.8352059925093633,
            0.8352059925093633,
            0.8157894736842105,
            0.8383458646616542,
            0.8270676691729323,
            0.8045112781954887,
            0.8233082706766918,
            0.8421052631578947
      ],
      "test_recall_score_macro": [
            0.5870098039215687,
            0.6538671023965141,
            0.6139982110912343,
            0.5224955277280859,
            0.6219790241678067,
            0.6606931144550844,
            0.6826265389876881,
            0.5453716370269038,
            0.5967168262653899,
            0.5995440036479708,
            0.6043028322440087,
            0.6365740740740741,
            0.6524597495527727,
            0.6233005366726296,
            0.6046967624259005,
            0.6906064751481988,
            0.648062015503876,
            0.5113087095303237,
            0.5528499772001825,
            0.5365709074327405,
            0.5846949891067539,
            0.5772058823529412,
            0.6279516994633274,
            0.6133720930232558,
            0.6093479252165983,
            0.6606931144550844,
            0.6238030095759234,
            0.5948928408572731,
            0.651390788873689,
            0.6331053351573187
      ],
      "test_precision_score_macro": [
            0.6940283400809717,
            0.7195027195027195,
            0.6904512851165571,
            0.562624501992032,
            0.6835964310226492,
            0.7488700564971751,
            0.7748798901853122,
            0.6175289392865579,
            0.7061224489795919,
            0.6811618257261411,
            0.7047398431931575,
            0.7116033755274261,
            0.7266622340425533,
            0.7363683127572016,
            0.6722689075630253,
            0.7412280701754386,
            0.7694605809128631,
            0.531,
            0.6234817813765182,
            0.5642628205128205,
            0.6806039488966318,
            0.6804966044142615,
            0.7653988868274582,
            0.7827978580990629,
            0.6921474358974359,
            0.7488700564971751,
            0.725311203319502,
            0.66124283279095,
            0.710446247464503,
            0.7836734693877552
      ],
      "test_auc_score": [
            0.5870098039215687,
            0.6538671023965141,
            0.6139982110912343,
            0.5224955277280859,
            0.6219790241678066,
            0.6606931144550844,
            0.682626538987688,
            0.5453716370269037,
            0.5967168262653899,
            0.5995440036479708,
            0.6043028322440087,
            0.636574074074074,
            0.6524597495527727,
            0.6233005366726297,
            0.6046967624259005,
            0.6906064751481988,
            0.6480620155038759,
            0.5113087095303237,
            0.5528499772001825,
            0.5365709074327405,
            0.5846949891067539,
            0.5772058823529411,
            0.6279516994633273,
            0.6133720930232558,
            0.6093479252165982,
            0.6606931144550844,
            0.6238030095759234,
            0.5948928408572731,
            0.651390788873689,
            0.6331053351573188
      ],
      "test_pr_auc_score": [
            0.4577495042961005,
            0.5340783913156683,
            0.48137630160102063,
            0.29234190435033136,
            0.480716734911282,
            0.5630915524104378,
            0.6009830078041403,
            0.3572165708388618,
            0.4766696152145068,
            0.4588795518207283,
            0.48122072473346933,
            0.5136704119850187,
            0.5413650605012965,
            0.5260191587438778,
            0.4568037741412354,
            0.5807533539731682,
            0.570576441102757,
            0.25256155093616395,
            0.3697847560076662,
            0.3131045940643464,
            0.44465426620086235,
            0.43797613664034507,
            0.5544282496529687,
            0.5591448189762797,
            0.4760345433720047,
            0.5630915524104378,
            0.5147279964617426,
            0.439620292561469,
            0.5258366504496536,
            0.5718708536045998
      ],