{
      "fit_time": [
            7.512422800064087,
            7.606771230697632,
            7.456556081771851,
            10.309584856033325,
            10.055861949920654,
            7.929750919342041,
            8.08951210975647,
            7.753536224365234,
            7.333333253860474,
            7.790801286697388,
            10.219553232192993,
            6.360169887542725,
            9.468839168548584,
            7.44132924079895,
            9.293593883514404,
            10.29527497291565,
            7.715072154998779,
            8.024158000946045,
            7.180199861526489,
            8.44820499420166,
            10.036256074905396,
            10.458600997924805,
            7.051935911178589,
            7.313202142715454,
            7.613487243652344,
            7.580994129180908,
            7.512065887451172,
            6.812187194824219,
            4.862753868103027,
            3.7389068603515625
      ],
      "score_time": [
            0.40439891815185547,
            0.3785407543182373,
            0.41237306594848633,
            0.9360370635986328,
            0.9732301235198975,
            0.511754035949707,
            0.49962592124938965,
            0.44922900199890137,
            0.5069828033447266,
            0.4991610050201416,
            0.7991909980773926,
            0.28786206245422363,
            0.7706451416015625,
            0.4795060157775879,
            0.6126880645751953,
            0.8001308441162109,
            0.4425058364868164,
            0.6051602363586426,
            0.4677300453186035,
            0.5699779987335205,
            0.9428598880767822,
            0.8026218414306641,
            0.34272003173828125,
            0.34038209915161133,
            0.43192386627197266,
            0.47746777534484863,
            0.5249929428100586,
            0.4855630397796631,
            0.45317888259887695,
            0.3542969226837158
      ],
      "test_f1_score_macro": [
            0.7489368868679214,
            0.7528055212658512,
            0.7715227607491058,
            0.7265303831745542,
            0.7073684802158273,
            0.7517533936651584,
            0.7367825841108283,
            0.7480312734161825,
            0.6947596582940201,
            0.7443609022556391,
            0.6853535353535354,
            0.7476477309596692,
            0.7003367003367003,
            0.7487111772886261,
            0.7564313081554461,
            0.7705177705177705,
            0.7138813405797102,
            0.7177219667492041,
            0.7518656716417911,
            0.7368272274988693,
            0.6814870952801988,
            0.7673954586330936,
            0.7525278058645097,
            0.7415585326506278,
            0.7260383723381825,
            0.7367825841108283,
            0.7585248226950354,
            0.7327767951892465,
            0.7706475186226978,
            0.7217415889171614
      ],
      "test_accuracy_score": [
            0.7490636704119851,
            0.7528089887640449,
            0.7715355805243446,
            0.7265917602996255,
            0.7078651685393258,
            0.7518796992481203,
            0.7368421052631579,
            0.7481203007518797,
            0.6954887218045113,
            0.7443609022556391,
            0.6853932584269663,
            0.7490636704119851,
            0.700374531835206,
            0.7490636704119851,
            0.7565543071161048,
            0.7706766917293233,
            0.7142857142857143,
            0.7180451127819549,
            0.7518796992481203,
            0.7368421052631579,
            0.6816479400749064,
            0.7677902621722846,
            0.7528089887640449,
            0.7415730337078652,
            0.7265917602996255,
            0.7368421052631579,
            0.7593984962406015,
            0.7330827067669173,
            0.7706766917293233,
            0.7218045112781954
      ],
      "test_recall_score_macro": [
            0.7489054782218231,
            0.7530029187247418,
            0.7716659182757072,
            0.7271273013022003,
            0.7074915824915824,
            0.7517104891150692,
            0.7372349448685327,
            0.7480067854113656,
            0.694910941475827,
            0.744529262086514,
            0.6858441850022452,
            0.7479232150875618,
            0.7008307139649753,
            0.7486248316120341,
            0.7563973063973064,
            0.77045518801244,
            0.7138818207520498,
            0.7176986146451796,
            0.7519366694939214,
            0.7368956743002544,
            0.6814660978895375,
            0.7688313875168389,
            0.7524416255051639,
            0.7416928603502471,
            0.7271885521885522,
            0.7367825841108284,
            0.7586655357647725,
            0.7327396098388465,
            0.7706813683912921,
            0.7221939496748657
      ],
      "test_precision_score_macro": [
            0.7489893318360472,
            0.7529461279461279,
            0.7715744585343957,
            0.7275871766029247,
            0.7085213173922851,
            0.7518814010071861,
            0.7376649861213391,
            0.7480769230769231,
            0.6962090163934427,
            0.744529262086514,
            0.6860948741007193,
            0.752169445078785,
            0.701101618705036,
            0.7493245525160419,
            0.7566565554432086,
            0.7707767210144927,
            0.7146099290780141,
            0.7182539682539683,
            0.7518796992481203,
            0.736842105263158,
            0.6815272318921954,
            0.771513605442177,
            0.7529527559055118,
            0.7416114914151049,
            0.7295068027210885,
            0.7367825841108284,
            0.7615046018407363,
            0.7333333333333334,
            0.7706354590682949,
            0.7225967257689911
      ],
      "test_auc_score": [
            0.7489054782218231,
            0.7530029187247418,
            0.7716659182757072,
            0.7271273013022002,
            0.7074915824915825,
            0.7517104891150693,
            0.7372349448685327,
            0.7480067854113656,
            0.694910941475827,
            0.744529262086514,
            0.6858441850022452,
            0.7479232150875618,
            0.7008307139649753,
            0.7486248316120341,
            0.7563973063973064,
            0.77045518801244,
            0.7138818207520498,
            0.7176986146451795,
            0.7519366694939215,
            0.7368956743002545,
            0.6814660978895375,
            0.7688313875168388,
            0.7524416255051639,
            0.7416928603502471,
            0.7271885521885522,
            0.7367825841108283,
            0.7586655357647724,
            0.7327396098388465,
            0.7706813683912921,
            0.7221939496748657
      ],
      "test_pr_auc_score": [
            0.8069763426955296,
            0.8101021941402763,
            0.8242171081294787,
            0.7913591176242347,
            0.776516524432436,
            0.81010777431774,
            0.7996622962205338,
            0.8072157051466011,
            0.7652897573680165,
            0.8046796380263637,
            0.7606552548509267,
            0.8082215110816664,
            0.7717377688894429,
            0.8069952771685339,
            0.8147274944374501,
            0.824731721359697,
            0.7805791195546117,
            0.7836273253107323,
            0.8101934224875165,
            0.7988004362050164,
            0.7548637456262468,
            0.8226318402822146,
            0.8099080408070186,
            0.8015151961267512,
            0.7947987673108059,
            0.7986139011651265,
            0.8171467060106485,
            0.7954380225372591,
            0.8244629182254735,
            0.7885938623261982
      ],