{
      "fit_time": [
            6.6562278270721436,
            9.693827152252197,
            7.119801044464111,
            8.243385791778564,
            8.185471057891846,
            7.622541666030884,
            6.914340257644653,
            7.624541997909546,
            7.3503358364105225,
            7.313961982727051,
            7.294895887374878,
            6.923202037811279,
            8.644427061080933,
            6.568243026733398,
            6.642417907714844,
            8.644438982009888,
            5.957379102706909,
            6.744115829467773,
            6.160783767700195,
            8.110859870910645,
            5.580475091934204,
            6.076088190078735,
            6.577869892120361,
            6.8514087200164795,
            5.540909051895142,
            5.560521841049194,
            5.447818040847778,
            6.17414402961731,
            5.445533990859985,
            4.168247938156128
      ],
      "score_time": [
            0.22606515884399414,
            0.851193904876709,
            0.3372368812561035,
            0.6460819244384766,
            0.6504759788513184,
            0.4426441192626953,
            0.2884337902069092,
            0.47403597831726074,
            0.36515307426452637,
            0.39496517181396484,
            0.4157280921936035,
            0.36794376373291016,
            0.6988649368286133,
            0.36171603202819824,
            0.3561551570892334,
            0.7032289505004883,
            0.30082201957702637,
            0.4495670795440674,
            0.32494521141052246,
            0.6703870296478271,
            0.25353097915649414,
            0.36104679107666016,
            0.40935802459716797,
            0.4900951385498047,
            0.31102991104125977,
            0.31107091903686523,
            0.2791731357574463,
            0.5933539867401123,
            0.35544800758361816,
            0.32238006591796875
      ],
      "test_f1_score_macro": [
            0.7014963880288958,
            0.7244582043343653,
            0.7548901913706659,
            0.7382687635852193,
            0.6964829927060012,
            0.6907287524940072,
            0.7342888165038002,
            0.6927749497369209,
            0.718687474989996,
            0.7207288835195812,
            0.6816375198728141,
            0.754223726509283,
            0.7413675213675215,
            0.6941580756013745,
            0.7124821652470925,
            0.7141629056522674,
            0.6983650795929206,
            0.7123178506375227,
            0.7477586206896553,
            0.7336409943837345,
            0.7698540397655442,
            0.7154665898617512,
            0.771351906828043,
            0.7708810068649885,
            0.6684289705566302,
            0.7212740608896608,
            0.6964829927060012,
            0.7253484770263294,
            0.737029873200086,
            0.6699561403508771
      ],
      "test_accuracy_score": [
            0.7078651685393258,
            0.7303370786516854,
            0.7565543071161048,
            0.7415730337078652,
            0.7030075187969925,
            0.6954887218045113,
            0.7406015037593985,
            0.6954887218045113,
            0.7218045112781954,
            0.7255639097744361,
            0.6853932584269663,
            0.7565543071161048,
            0.7453183520599251,
            0.6966292134831461,
            0.7180451127819549,
            0.7180451127819549,
            0.7030075187969925,
            0.7142857142857143,
            0.7518796992481203,
            0.7406015037593985,
            0.7752808988764045,
            0.7228464419475655,
            0.7752808988764045,
            0.7752808988764045,
            0.6729323308270677,
            0.7255639097744361,
            0.7030075187969925,
            0.7293233082706767,
            0.7406015037593985,
            0.6766917293233082
      ],
      "test_recall_score_macro": [
            0.7003469457399614,
            0.7231259242407007,
            0.7571948583778865,
            0.7384825389603002,
            0.6954339471117994,
            0.690277141548328,
            0.7325355016032982,
            0.6937127805771873,
            0.7190792487402657,
            0.7198808978469995,
            0.6819758844272552,
            0.7554316915026732,
            0.7409566602206803,
            0.6955693322716414,
            0.7116101646302988,
            0.7139830508474576,
            0.6978928080622996,
            0.7140403114979386,
            0.7469651855245076,
            0.7316765918460835,
            0.7678022978045729,
            0.7137697645319077,
            0.7704470481173928,
            0.7695654646797861,
            0.6685883095279068,
            0.7207398076042144,
            0.695316078790655,
            0.7249770957398076,
            0.7368300503893724,
            0.6690907008703619
      ],
      "test_precision_score_macro": [
            0.7039664157498552,
            0.7271569195136074,
            0.7543307086614173,
            0.7380763116057234,
            0.6985431235431235,
            0.6913619349265765,
            0.7386998177863986,
            0.6923361191653874,
            0.71837899543379,
            0.7221065417317369,
            0.6813775510204082,
            0.7535569105691057,
            0.7418645809545559,
            0.693718309859155,
            0.7138798701298701,
            0.7143635633568519,
            0.6990210192916786,
            0.7119047619047618,
            0.7489035087719298,
            0.7393374741200828,
            0.7741963661774982,
            0.7202332122348529,
            0.7726178190574475,
            0.7730126728110599,
            0.668289051763628,
            0.7219982723869853,
            0.6993221527493718,
            0.7258045977011494,
            0.7372511902713246,
            0.6720862470862471
      ],
      "test_auc_score": [
            0.7003469457399614,
            0.7231259242407007,
            0.7571948583778865,
            0.7384825389603002,
            0.6954339471117994,
            0.6902771415483281,
            0.7325355016032983,
            0.6937127805771873,
            0.7190792487402655,
            0.7198808978469996,
            0.6819758844272551,
            0.7554316915026731,
            0.7409566602206802,
            0.6955693322716414,
            0.7116101646302988,
            0.7139830508474576,
            0.6978928080622996,
            0.7140403114979386,
            0.7469651855245075,
            0.7316765918460834,
            0.7678022978045728,
            0.7137697645319077,
            0.7704470481173927,
            0.769565464679786,
            0.6685883095279068,
            0.7207398076042144,
            0.6953160787906552,
            0.7249770957398075,
            0.7368300503893724,
            0.6690907008703618
      ],
      "test_pr_auc_score": [
            0.7392300456478709,
            0.7599602961629243,
            0.7881210977936461,
            0.7725437918454375,
            0.7334300202721257,
            0.731416049334833,
            0.7701824258094944,
            0.7356148743085493,
            0.7567934667176415,
            0.7576115555124499,
            0.7238835459912398,
            0.7867847084488746,
            0.7749966071049412,
            0.7365087284961596,
            0.7479977989846411,
            0.7522919641563709,
            0.7381214643092626,
            0.7531753111592541,
            0.781519476657746,
            0.770005522280277,
            0.8014972456745453,
            0.7520945396444403,
            0.8015248557501162,
            0.8014315300486983,
            0.7106257059423875,
            0.7582377092325508,
            0.7357156302355952,
            0.7619071421979846,
            0.7721852436393026,
            0.7119205950160454
      ],