{
      "fit_time": [
            10.371114015579224,
            9.822783946990967,
            8.822343826293945,
            9.047348260879517,
            9.346603155136108,
            8.759056329727173,
            9.331135988235474,
            8.641130924224854,
            7.710694313049316,
            7.531702995300293,
            8.606558799743652,
            7.530008792877197,
            7.427831172943115,
            7.289866924285889,
            7.454155921936035,
            10.100055694580078,
            8.639554977416992,
            8.743321180343628,
            8.959453344345093,
            9.24034571647644,
            8.144874334335327,
            8.104382038116455,
            8.222650051116943,
            7.570330858230591,
            5.41603684425354,
            6.134500980377197,
            5.973757982254028,
            5.804128885269165,
            6.330976963043213,
            5.368504047393799
      ],
      "score_time": [
            0.8413841724395752,
            0.797231912612915,
            0.48517513275146484,
            0.5359659194946289,
            0.6982839107513428,
            0.4191439151763916,
            0.6235649585723877,
            0.42120814323425293,
            0.4542567729949951,
            0.3926112651824951,
            0.8402450084686279,
            0.48874616622924805,
            0.49741315841674805,
            0.4929640293121338,
            0.5802140235900879,
            0.6730360984802246,
            0.37697505950927734,
            0.4404177665710449,
            0.513617992401123,
            0.7059891223907471,
            0.34427762031555176,
            0.4403648376464844,
            0.5510380268096924,
            0.5388040542602539,
            0.26642322540283203,
            0.44919300079345703,
            0.3985321521759033,
            0.40602898597717285,
            0.5857059955596924,
            0.3373417854309082
      ],
      "test_f1_score_macro": [
            0.6913165030584574,
            0.6764228385887088,
            0.7025413574926954,
            0.6398256718895923,
            0.6819027371777837,
            0.6833333333333333,
            0.6596178454464614,
            0.6701213570732572,
            0.6747030048916841,
            0.6497695852534562,
            0.6866197183098592,
            0.6939693175806737,
            0.6830005396654075,
            0.6520019207463472,
            0.6983158930902399,
            0.6150329650134387,
            0.63278792405006,
            0.6653486700215672,
            0.7022409022746953,
            0.6736924277907884,
            0.6318369848322353,
            0.7213596575298703,
            0.70628259452412,
            0.6384282384282385,
            0.6314898295766905,
            0.6551851851851852,
            0.6482444140446876,
            0.6711223085357034,
            0.713477094641688,
            0.660373917008664
      ],
      "test_accuracy_score": [
            0.7940074906367042,
            0.8014981273408239,
            0.8014981273408239,
            0.7565543071161048,
            0.7969924812030075,
            0.7894736842105263,
            0.7781954887218046,
            0.7894736842105263,
            0.7894736842105263,
            0.7894736842105263,
            0.797752808988764,
            0.8052434456928839,
            0.7940074906367042,
            0.7865168539325843,
            0.8007518796992481,
            0.7631578947368421,
            0.7706766917293233,
            0.7894736842105263,
            0.8007518796992481,
            0.793233082706767,
            0.7640449438202247,
            0.8164794007490637,
            0.797752808988764,
            0.7715355805243446,
            0.7631578947368421,
            0.7894736842105263,
            0.7819548872180451,
            0.8007518796992481,
            0.8082706766917294,
            0.7894736842105263
      ],
      "test_recall_score_macro": [
            0.6760472201066261,
            0.6549124143183549,
            0.6862147753236862,
            0.6304265041888805,
            0.6635210396039604,
            0.6692450495049505,
            0.6458075495049505,
            0.6525066972828167,
            0.6577114427860697,
            0.6316877152698048,
            0.6680883472962681,
            0.673038842345773,
            0.6656130997715156,
            0.6345773038842346,
            0.6820080445544554,
            0.6038830445544554,
            0.6195080445544554,
            0.6473019517795637,
            0.6859931113662456,
            0.6549942594718714,
            0.6197258187357197,
            0.7013328255902513,
            0.6941736481340441,
            0.6246763137852247,
            0.619894801980198,
            0.6372215346534653,
            0.6322710396039604,
            0.6495598928434749,
            0.6961729812476082,
            0.6420972062763107
      ],
      "test_precision_score_macro": [
            0.7198915525114156,
            0.7445887445887446,
            0.7325913242009132,
            0.6578341013824884,
            0.7247023809523809,
            0.7090978593272171,
            0.6895424836601307,
            0.7159891598915988,
            0.714881635207008,
            0.7237612173234491,
            0.7291320598006645,
            0.7451974962227499,
            0.7216163880962088,
            0.7124819624819625,
            0.7286019624987856,
            0.6585034816475864,
            0.674517112843104,
            0.7173839376482549,
            0.7322247706422018,
            0.724004424778761,
            0.6663492063492064,
            0.7600334448160535,
            0.7247839887145124,
            0.6802863436123348,
            0.6616435499009281,
            0.7142512077294687,
            0.6973684210526316,
            0.7477180527383367,
            0.7449350152905199,
            0.7191077540422519
      ],
      "test_auc_score": [
            0.6760472201066261,
            0.6549124143183549,
            0.6862147753236862,
            0.6304265041888804,
            0.6635210396039605,
            0.6692450495049505,
            0.6458075495049506,
            0.6525066972828167,
            0.6577114427860696,
            0.6316877152698048,
            0.6680883472962682,
            0.673038842345773,
            0.6656130997715156,
            0.6345773038842345,
            0.6820080445544555,
            0.6038830445544555,
            0.6195080445544554,
            0.6473019517795637,
            0.6859931113662457,
            0.6549942594718714,
            0.6197258187357199,
            0.7013328255902515,
            0.6941736481340441,
            0.6246763137852248,
            0.6198948019801981,
            0.6372215346534653,
            0.6322710396039605,
            0.649559892843475,
            0.6961729812476083,
            0.6420972062763107
      ],
      "test_pr_auc_score": [
            0.592575986747335,
            0.5947277441659464,
            0.6088123019302795,
            0.5172140593488909,
            0.5840773809523809,
            0.5780858395989975,
            0.5463985484544696,
            0.5723737110129922,
            0.5756338520720405,
            0.5624270466375729,
            0.5928068447535393,
            0.608121649064373,
            0.5856715381996281,
            0.5553106693556132,
            0.6008626119820829,
            0.4897807229221703,
            0.5141203368999421,
            0.5693753614806247,
            0.6090587044534412,
            0.5799956622325044,
            0.5116598757048196,
            0.6390884721856875,
            0.6098383914156651,
            0.5247551138000577,
            0.5066363219094248,
            0.5563779239766082,
            0.540296052631579,
            0.5941057394617766,
            0.6252879795642954,
            0.5666812561549404
      ],