{
      "fit_time": [
            7.014530897140503,
            6.773252964019775,
            6.748340845108032,
            6.893473148345947,
            7.187273025512695,
            9.957360982894897,
            6.197283744812012,
            7.589040040969849,
            6.074978828430176,
            5.98036789894104,
            6.239090204238892,
            6.331050157546997,
            6.2789270877838135,
            5.88670802116394,
            5.658381223678589,
            5.898550987243652,
            5.9080939292907715,
            6.006244897842407,
            6.042279958724976,
            6.915481805801392,
            5.584232330322266,
            6.216996908187866,
            5.732196092605591,
            5.664442777633667,
            5.08553409576416,
            5.185081720352173,
            4.8511927127838135,
            5.110960006713867,
            5.5918519496917725,
            4.597414970397949
      ],
      "score_time": [
            0.370272159576416,
            0.34104394912719727,
            0.3191080093383789,
            0.3978769779205322,
            0.4501619338989258,
            0.6759982109069824,
            0.24898910522460938,
            0.5345737934112549,
            0.29018330574035645,
            0.2834291458129883,
            0.31359004974365234,
            0.36504602432250977,
            0.359935998916626,
            0.29482412338256836,
            0.29083871841430664,
            0.28922295570373535,
            0.3034088611602783,
            0.3350551128387451,
            0.33133411407470703,
            0.5915031433105469,
            0.2574148178100586,
            0.3930339813232422,
            0.31185317039489746,
            0.3026750087738037,
            0.26941895484924316,
            0.3104381561279297,
            0.25107622146606445,
            0.3406188488006592,
            0.606403112411499,
            0.28516507148742676
      ],
      "test_f1_score_macro": [
            0.699407724061414,
            0.7095912986156888,
            0.6848689904791879,
            0.6793588778761629,
            0.7042917312540122,
            0.6603677221654749,
            0.6792186836518046,
            0.7723352426097834,
            0.694847623322859,
            0.6977030812324929,
            0.6776908703057563,
            0.7542216861350939,
            0.6863903310920079,
            0.6622580180295582,
            0.7105355677956171,
            0.6787801697071183,
            0.7144744447196764,
            0.652976632813145,
            0.7060773480662983,
            0.7213826125991321,
            0.6831905075807514,
            0.7516846416159506,
            0.7516846416159506,
            0.7357987421383647,
            0.7493012674683133,
            0.7130436182716924,
            0.684771874382777,
            0.6509695290858726,
            0.7301753425539794,
            0.7078811369509044
      ],
      "test_accuracy_score": [
            0.7415730337078652,
            0.7528089887640449,
            0.7191011235955056,
            0.7191011235955056,
            0.7330827067669173,
            0.6992481203007519,
            0.7330827067669173,
            0.8045112781954887,
            0.7406015037593985,
            0.7330827067669173,
            0.7265917602996255,
            0.7827715355805244,
            0.7415730337078652,
            0.704119850187266,
            0.7556390977443609,
            0.7180451127819549,
            0.7556390977443609,
            0.7030075187969925,
            0.7443609022556391,
            0.7631578947368421,
            0.7303370786516854,
            0.7865168539325843,
            0.7865168539325843,
            0.7790262172284644,
            0.7819548872180451,
            0.7481203007518797,
            0.7293233082706767,
            0.6954887218045113,
            0.7631578947368421,
            0.7443609022556391
      ],
      "test_recall_score_macro": [
            0.6920186335403726,
            0.7005900621118013,
            0.682608695652174,
            0.6748757763975155,
            0.7048351648351648,
            0.658021978021978,
            0.6705494505494505,
            0.7617582417582418,
            0.6868131868131868,
            0.6935282358820589,
            0.67027950310559,
            0.7492236024844721,
            0.6765527950310559,
            0.6582919254658386,
            0.700879120879121,
            0.6749450549450549,
            0.7061538461538461,
            0.6476923076923077,
            0.7002197802197803,
            0.7113943028485756,
            0.6757142857142857,
            0.7417701863354037,
            0.7417701863354037,
            0.723167701863354,
            0.741978021978022,
            0.7083516483516483,
            0.6782417582417583,
            0.6472527472527473,
            0.725054945054945,
            0.7021489255372313
      ],
      "test_precision_score_macro": [
            0.7146874999999999,
            0.7300213675213676,
            0.6877394636015326,
            0.6868777379530068,
            0.7037731134432783,
            0.6635684107897303,
            0.7057575757575758,
            0.7909947643979058,
            0.7129868270332188,
            0.703963394561854,
            0.6970034492670307,
            0.7610265417642467,
            0.721171802054155,
            0.6691557148546396,
            0.7331632653061224,
            0.6846500530222693,
            0.7310670045045045,
            0.6655405405405406,
            0.7158329384688282,
            0.7444203683640302,
            0.7014957264957264,
            0.7703125,
            0.7703125,
            0.7681343283582089,
            0.7608474920463006,
            0.7199098621420996,
            0.6981500872600349,
            0.6575940860215054,
            0.7375397667020149,
            0.7174731182795699
      ],
      "test_auc_score": [
            0.6920186335403726,
            0.7005900621118012,
            0.6826086956521739,
            0.6748757763975155,
            0.7048351648351648,
            0.658021978021978,
            0.6705494505494506,
            0.7617582417582417,
            0.6868131868131868,
            0.6935282358820589,
            0.67027950310559,
            0.7492236024844722,
            0.6765527950310559,
            0.6582919254658386,
            0.7008791208791209,
            0.6749450549450549,
            0.7061538461538462,
            0.6476923076923078,
            0.7002197802197802,
            0.7113943028485757,
            0.6757142857142857,
            0.7417701863354037,
            0.7417701863354037,
            0.723167701863354,
            0.741978021978022,
            0.7083516483516484,
            0.6782417582417583,
            0.6472527472527473,
            0.725054945054945,
            0.7021489255372313
      ],
      "test_pr_auc_score": [
            0.673495359062042,
            0.6871064701731532,
            0.6563656374060162,
            0.6492978281978445,
            0.6778296074634748,
            0.6269162725819073,
            0.6522468759310864,
            0.7570965876229034,
            0.6673374140479404,
            0.6710496776251786,
            0.6494816071154168,
            0.7336404029125083,
            0.6667257930692225,
            0.6298279023201674,
            0.6874204742625796,
            0.6469586254566999,
            0.689630781736045,
            0.6170298407140513,
            0.6781925602711745,
            0.7027991749121733,
            0.6555867665418227,
            0.7348680996580361,
            0.7348680996580361,
            0.72352514418625,
            0.7279121611233537,
            0.6858080943446798,
            0.6542818584923848,
            0.6149689126662811,
            0.7052328287886698,
            0.6827966655769859
      ],