{
      "fit_time": [
            6.0289998054504395,
            6.182626008987427,
            6.29460883140564,
            5.846989154815674,
            5.980077028274536,
            6.814556837081909,
            7.752155303955078,
            6.695019006729126,
            6.282984972000122,
            26.53555464744568,
            7.1717870235443115,
            7.815810203552246,
            12.073258876800537,
            7.200194835662842,
            20.264245986938477,
            18.450440883636475,
            22.265300989151,
            21.262922048568726,
            20.51087212562561,
            20.782190084457397,
            15.918538093566895,
            9.452474117279053,
            8.487332820892334,
            5.349923849105835,
            4.803248167037964,
            4.338850736618042,
            4.725374937057495,
            4.8396217823028564,
            4.018854141235352,
            3.3889248371124268
      ],
      "score_time": [
            0.3341059684753418,
            0.33486080169677734,
            0.46625733375549316,
            0.2550477981567383,
            0.29540181159973145,
            0.7134461402893066,
            0.6510148048400879,
            0.5072660446166992,
            0.3875601291656494,
            0.858309268951416,
            0.4970889091491699,
            0.44924211502075195,
            1.1108739376068115,
            0.463284969329834,
            0.886559009552002,
            0.6076452732086182,
            0.37848663330078125,
            0.33806800842285156,
            0.33673810958862305,
            0.8970839977264404,
            0.6003439426422119,
            0.388286828994751,
            0.3853170871734619,
            0.27657437324523926,
            0.323394775390625,
            0.2534782886505127,
            0.32689619064331055,
            0.5428941249847412,
            0.2582128047943115,
            0.1832270622253418
      ],
      "test_f1_score_macro": [
            0.48653846153846153,
            0.5541425818882466,
            0.48653846153846153,
            0.6050745249743998,
            0.48846153846153845,
            0.48846153846153845,
            0.48846153846153845,
            0.5598455598455598,
            0.554094132817537,
            0.4864864864864865,
            0.5489864864864864,
            0.4875239923224568,
            0.48554913294797686,
            0.48653846153846153,
            0.6332046332046333,
            0.48846153846153845,
            0.5663257744182599,
            0.5663257744182599,
            0.48747591522157996,
            0.48747591522157996,
            0.4875239923224568,
            0.4875239923224568,
            0.48653846153846153,
            0.5489864864864864,
            0.5663257744182599,
            0.48846153846153845,
            0.554094132817537,
            0.48846153846153845,
            0.48747591522157996,
            0.4864864864864865
      ],
      "test_accuracy_score": [
            0.947565543071161,
            0.951310861423221,
            0.947565543071161,
            0.951310861423221,
            0.9548872180451128,
            0.9548872180451128,
            0.9548872180451128,
            0.9548872180451128,
            0.9511278195488722,
            0.9473684210526315,
            0.947565543071161,
            0.951310861423221,
            0.9438202247191011,
            0.947565543071161,
            0.9624060150375939,
            0.9548872180451128,
            0.9586466165413534,
            0.9586466165413534,
            0.9511278195488722,
            0.9511278195488722,
            0.951310861423221,
            0.951310861423221,
            0.947565543071161,
            0.947565543071161,
            0.9586466165413534,
            0.9548872180451128,
            0.9511278195488722,
            0.9548872180451128,
            0.9511278195488722,
            0.9473684210526315
      ],
      "test_recall_score_macro": [
            0.49803149606299213,
            0.5364930345245306,
            0.49803149606299213,
            0.5729860690490611,
            0.5,
            0.5,
            0.5,
            0.5396981627296588,
            0.5364852538765582,
            0.4980237154150198,
            0.5345245305875227,
            0.5,
            0.49606299212598426,
            0.49803149606299213,
            0.5833333333333334,
            0.5,
            0.5416666666666666,
            0.5416666666666666,
            0.5,
            0.5,
            0.5,
            0.5,
            0.49803149606299213,
            0.5345245305875227,
            0.5416666666666666,
            0.5,
            0.5377296587926509,
            0.5,
            0.5,
            0.4980237154150198
      ],
      "test_precision_score_macro": [
            0.4755639097744361,
            0.7273584905660377,
            0.4755639097744361,
            0.7290874524714829,
            0.4774436090225564,
            0.4774436090225564,
            0.4774436090225564,
            0.7291666666666667,
            0.7272727272727273,
            0.47547169811320755,
            0.6439393939393939,
            0.4756554307116105,
            0.47547169811320755,
            0.4755639097744361,
            0.9810606060606061,
            0.4774436090225564,
            0.9792452830188679,
            0.9792452830188679,
            0.4755639097744361,
            0.4755639097744361,
            0.4756554307116105,
            0.4756554307116105,
            0.4755639097744361,
            0.6439393939393939,
            0.9792452830188679,
            0.4774436090225564,
            0.6457541191381495,
            0.4774436090225564,
            0.4755639097744361,
            0.47547169811320755
      ],
      "test_auc_score": [
            0.49803149606299213,
            0.5364930345245306,
            0.49803149606299213,
            0.5729860690490611,
            0.5,
            0.5,
            0.5,
            0.5396981627296588,
            0.5364852538765582,
            0.4980237154150198,
            0.5345245305875227,
            0.5,
            0.49606299212598426,
            0.49803149606299213,
            0.5833333333333334,
            0.5,
            0.5416666666666666,
            0.5416666666666666,
            0.5,
            0.5,
            0.5,
            0.5,
            0.49803149606299213,
            0.5345245305875227,
            0.5416666666666666,
            0.5,
            0.5377296587926509,
            0.5,
            0.5,
            0.4980237154150198
      ],
      "test_pr_auc_score": [
            0.024344569288389514,
            0.31093344857389804,
            0.024344569288389514,
            0.3475223278594065,
            0.5225563909774436,
            0.5225563909774436,
            0.5225563909774436,
            0.3123433583959899,
            0.3110179294389821,
            0.02443609022556391,
            0.22760011524056467,
            0.5243445692883895,
            0.024344569288389514,
            0.024344569288389514,
            0.6021303258145363,
            0.5225563909774436,
            0.5623433583959899,
            0.5623433583959899,
            0.5244360902255639,
            0.5244360902255639,
            0.5243445692883895,
            0.5243445692883895,
            0.024344569288389514,
            0.22760011524056467,
            0.5623433583959899,
            0.5225563909774436,
            0.2290100250626566,
            0.5225563909774436,
            0.5244360902255639,
            0.02443609022556391
      ],