{
      "fit_time": [
            6.4358179569244385,
            5.34446907043457,
            6.180056095123291,
            5.5399439334869385,
            7.033200979232788,
            5.3116090297698975,
            5.552743196487427,
            7.2760419845581055,
            8.999030113220215,
            5.894596815109253,
            6.33017110824585,
            8.22592568397522,
            5.868754148483276,
            5.549837112426758,
            5.689976930618286,
            5.760918140411377,
            5.714929819107056,
            8.300456047058105,
            7.374406814575195,
            5.307013034820557,
            8.090331077575684,
            5.190755128860474,
            4.768825054168701,
            5.820348739624023,
            4.787531137466431,
            5.290500164031982,
            4.756901979446411,
            4.418365955352783,
            4.933265924453735,
            3.424731969833374
      ],
      "score_time": [
            0.35149288177490234,
            0.20705795288085938,
            0.31896495819091797,
            0.3251950740814209,
            0.43942904472351074,
            0.2026660442352295,
            0.3018980026245117,
            0.4877591133117676,
            0.7823848724365234,
            0.2556140422821045,
            0.34047698974609375,
            0.6303460597991943,
            0.2824289798736572,
            0.23056983947753906,
            0.25025081634521484,
            0.276763916015625,
            0.20941901206970215,
            0.7124958038330078,
            0.5928518772125244,
            0.17868685722351074,
            0.7135748863220215,
            0.20881009101867676,
            0.1895749568939209,
            0.34243011474609375,
            0.2754240036010742,
            0.4631779193878174,
            0.2331380844116211,
            0.2068319320678711,
            0.5916531085968018,
            0.2742183208465576
      ],
      "test_f1_score_macro": [
            0.6165017555059049,
            0.587962962962963,
            0.5510565780504431,
            0.5810669456066946,
            0.5364315352697095,
            0.5950320512820513,
            0.6066252587991718,
            0.5878099173553719,
            0.5215617459969292,
            0.6083991941732528,
            0.6020864381520119,
            0.5192901234567902,
            0.665553235908142,
            0.6108539094650206,
            0.5509012092174309,
            0.6855407443642738,
            0.6204100100936272,
            0.6248522965504097,
            0.5913656595895538,
            0.5191115702479339,
            0.6608637178720861,
            0.5393646118241111,
            0.5705880045502687,
            0.6028099173553718,
            0.5391895888790299,
            0.5292473919523101,
            0.5284988379879466,
            0.5616681455190772,
            0.6421670539317598,
            0.6291038154392192
      ],
      "test_accuracy_score": [
            0.8651685393258427,
            0.8651685393258427,
            0.8614232209737828,
            0.8426966292134831,
            0.8421052631578947,
            0.8571428571428571,
            0.868421052631579,
            0.8646616541353384,
            0.8458646616541353,
            0.8571428571428571,
            0.8389513108614233,
            0.8426966292134831,
            0.8764044943820225,
            0.8726591760299626,
            0.8609022556390977,
            0.8909774436090225,
            0.8458646616541353,
            0.8609022556390977,
            0.8533834586466166,
            0.8421052631578947,
            0.8726591760299626,
            0.846441947565543,
            0.846441947565543,
            0.8651685393258427,
            0.8458646616541353,
            0.8571428571428571,
            0.8308270676691729,
            0.8533834586466166,
            0.8759398496240601,
            0.8759398496240601
      ],
      "test_recall_score_macro": [
            0.5921627212135141,
            0.5702137439669042,
            0.546081360606757,
            0.5680877959089864,
            0.53440339903222,
            0.5771273456862976,
            0.583677564026909,
            0.5701640505133955,
            0.5252566977457808,
            0.5884574530862741,
            0.5878533670420593,
            0.5241898414157665,
            0.6316364054240404,
            0.5855550448172834,
            0.5453204295999056,
            0.6420984303080373,
            0.6045674495456155,
            0.6019709665997875,
            0.5749439395727606,
            0.5230732916322436,
            0.6294529993105034,
            0.5373477361526087,
            0.5592967133992186,
            0.5811882325902091,
            0.5365868051457572,
            0.5318069160863921,
            0.5278531806916087,
            0.5522837247728077,
            0.610704591053936,
            0.5993744836539596
      ],
      "test_precision_score_macro": [
            0.7264257481648786,
            0.7377431906614786,
            0.7203296703296703,
            0.6321954484605087,
            0.5886287625418061,
            0.6735723771580345,
            0.7326115485564304,
            0.7119429590017825,
            0.58359375,
            0.6770611859201512,
            0.6362259444048468,
            0.5819066147859923,
            0.7695294117647059,
            0.7896887159533074,
            0.686046511627907,
            0.8412698412698413,
            0.6525482093663912,
            0.6935483870967742,
            0.65875,
            0.5696969696969697,
            0.751338688085676,
            0.6154119318181819,
            0.6365079365079365,
            0.7308823529411765,
            0.6017060367454068,
            0.6486486486486487,
            0.5589999999999999,
            0.6453412073490814,
            0.7658730158730158,
            0.776246719160105
      ],
      "test_auc_score": [
            0.5921627212135142,
            0.5702137439669042,
            0.546081360606757,
            0.5680877959089864,
            0.53440339903222,
            0.5771273456862976,
            0.5836775640269091,
            0.5701640505133956,
            0.5252566977457808,
            0.5884574530862741,
            0.5878533670420593,
            0.5241898414157665,
            0.6316364054240405,
            0.5855550448172833,
            0.5453204295999056,
            0.6420984303080374,
            0.6045674495456154,
            0.6019709665997875,
            0.5749439395727606,
            0.5230732916322436,
            0.6294529993105034,
            0.5373477361526086,
            0.5592967133992186,
            0.5811882325902091,
            0.5365868051457572,
            0.5318069160863921,
            0.5278531806916087,
            0.5522837247728077,
            0.610704591053936,
            0.5993744836539596
      ],
      "test_pr_auc_score": [
            0.44715721888992144,
            0.4388724620540114,
            0.40201627664667283,
            0.344602142059268,
            0.26993028308817785,
            0.38431890537153696,
            0.4426522387048703,
            0.4120790305000831,
            0.25445031497663073,
            0.3979135039506557,
            0.3683803426494914,
            0.255016755371575,
            0.518828051622778,
            0.5001576976148235,
            0.366084129242024,
            0.5903779719569193,
            0.39422034816771656,
            0.4242532005689901,
            0.3697355720382036,
            0.24081395134026712,
            0.5008541954136277,
            0.29812017275056896,
            0.33887246205401145,
            0.4418243642814903,
            0.2827507959086906,
            0.318736029262345,
            0.241084129242024,
            0.33605127684075053,
            0.4956817719975616,
            0.49595271963693016
      ],